<?xml version="1.0" encoding="UTF-8"?>
<window id="20">
    <defaultcontrol always="true">500</defaultcontrol>
    <views>500</views>
    <controls>
        <include>Global_Background</include>
        <include>Topbar</include>
    
        <control type="group">
            <visible allowhiddenfocus="true">!$EXP[Exp_ShowPlotOverlay]</visible>
            <include>Animation_FadeInOut</include>
            <include>View_500_List_Square</include>
            <include>Object_Scrollbars</include>
        </control>

        <!-- Hidden Buttons -->
        <include>Defs_Options_StandardButtons</include>
        <control type="button" id="5">
            <description>Settings</description>
            <label>5</label>
            <include>Defs_Hidden_Button</include>
        </control>
        <control type="button" id="9">
            <description>Check for updates</description>
            <label>24034</label>
            <include>Defs_Hidden_Button</include>
        </control>
        <control type="radiobutton" id="7">
            <description>Hide Foriegn</description>
            <label>25001</label>
            <include>Defs_Hidden_Button</include>
        </control>
        <control type="radiobutton" id="8">
            <description>Hide incompat</description>
            <label>24999</label>
            <include>Defs_Hidden_Button</include>
        </control>
    </controls>

</window>