<?xml version="1.0" encoding="UTF-8"?>
<includes>
    <constant name="view_pad">80</constant>
    <constant name="view_top">180</constant>
    <constant name="view_bottom">120</constant>
    <constant name="view_height">825</constant>
    <constant name="view_poster_height">748</constant>
    <constant name="view_poster_width">561</constant>
    <constant name="half_view_poster_width">280</constant>
    <constant name="view_list_height">780</constant>

    <constant name="item_list_height">78</constant>
    <constant name="item_pvr_height">117</constant>
    <constant name="item_biglist_height">156</constant>
    <constant name="item_row_height">400</constant>
    <constant name="item_row_height_single_movie">352</constant>
    <constant name="item_cast_height">370</constant>
    <constant name="item_poster_width">300</constant>
    <constant name="item_poster_width_single_movie">264</constant>
    <constant name="item_poster_width_half">128.57</constant>
    <constant name="item_square_width">360</constant>
    <constant name="item_icon_height">400</constant>
    <constant name="item_landscape_width">600</constant>
    <constant name="item_smalllandscape_width">450</constant>
    <constant name="item_smalllandscape_iconheight">261</constant>
    <constant name="item_smallsquare_width">300</constant>
    <constant name="item_smallsquare_iconheight">290</constant>

    <constant name="menu_itemgap">30</constant>

    <constant name="dialog_top">120</constant>
    <constant name="dialog_pad">30</constant>
    <constant name="dialog_side_grouplist">400</constant>
    <constant name="dialog_right_iconwidth">340</constant>
</includes>