<?xml version="1.0" encoding="UTF-8"?>
<!-- Foundation -->
<window type="dialog" id="1145">
    <defaultcontrol always="true">110</defaultcontrol>
    <controls>

        <control type="image">
            <aspectratio>scale</aspectratio>
            <texture background="true" colordiffuse="ff060606">common/box.png</texture>
        </control>
        <include>Global_Background</include>      
        <control type="group">
            <top>110</top>
            <left>60</left>
            <right>60</right>
            <height>85%</height>
            <control type="label">
                <right>35%</right>
                <left>40</left>
                <label>$INFO[Container(110).ListItem.Title]</label>
                <top>-20</top>
                <textcolor>main_fg_100</textcolor>
                <font>font_title_large</font>
                <align>center</align>
                <aligny>top</aligny>
            </control>
            <control type="list" id="110">
                <scrolltime tween="quadratic">400</scrolltime>
                <right>35%</right>
                <left>40</left>
                <top>100</top>
                <height>view_list_height</height>
                <onclick>PlayMedia(plugin://plugin.video.filimo/?action=action_play&amp;route=$INFO[Container(110).ListItem.Property(movieuid)])</onclick>
                <focusposition>7</focusposition>
                <movement>6</movement>

                <itemlayout height="item_list_height">
                    <include content="Episodes_Page_Itemlayout">
                        <param name="itemheight" value="item_list_height" />
                    </include>
                </itemlayout>
                <focusedlayout height="item_list_height">
                    <include content="Episodes_Page_Itemlayout">
                        <param name="fgcolor" value="fffec23b" />
                        <param name="bgcolor" value="main_fg_100" />
                        <param name="panelcolor" value="main_fg_100" />
                        <param name="selectbox" value="true" />
                        <param name="itemheight" value="item_list_height" />
                    </include>
                </focusedlayout>
                <content>plugin://plugin.video.filimo/?action=action_get_episode_of_uid_movie&amp;uid=$INFO[Window.Property(movieuid)]</content>
            </control>
            
            <include content="View_50_Poster">
                <param name="visible" value="true" />
                <param name="diffuse" value="diffuse/poster-big.png" />
                <param name="right" value="20" />
                <param name="top" value="100" />
                <param name="rvs" value="false" />
                <param name="icon" value="$INFO[Container(110).ListItem.Thumb]" />
                <param name="fadetime" value="200" />
            </include>
        </control>


        <control type="group">
            <visible>Container(110).IsUpdating</visible>
            <include>Dialog_Busy</include>
        </control>

        <control type="image">
            <height>50</height>
            <width>240</width>
            <aspectratio>keep</aspectratio>
            <texture>filimo-logo.png</texture>
            <right>30</right>
            <align>right</align>
            <top>40</top>
        </control>

        <control type="image">
            <height>300</height>
            <aspectratio>stretch</aspectratio>
            <texture>common/osd-dim.png</texture>
            <right>30</right>
            <align>right</align>
            <bottom>0</bottom>
        </control>


    </controls>
</window>