<?xml version="1.0" encoding="UTF-8"?>
<!-- Foundation -->
<window id="1144">
    <!-- <onload>Skin.SetBool(LogedIn,true)</onload> -->
    <defaultcontrol always="true">1200</defaultcontrol>
     <onback>SetProperty(LoginSetep,"Username")</onback>
    <previouswindow>1144</previouswindow>
    <controls>
        <include>Global_Background</include>      

            <control type="grouplist">
                <top>28%</top>
                <left>38%</left>
                <height>60</height>
                <width>450</width>
                <orientation>horizontal</orientation>
                <align>center</align>
                <control type="label">
                    <width>auto</width>
                    <align>right</align>
                    <textcolor>ffdfdfdf</textcolor>
                    <font>font_small_bold</font>
                    <label>اطلاعات ورود به فیلیمو</label>
                </control>
                <control type="image">
                    <right>20</right>
                    <width>60</width>
                    <texture>common/filimo.png</texture>
                </control>
            </control>
        <control type="grouplist" id="1200">
            <visible>!String.IsEqual(Window.Property(LoginSetep),Password)</visible>
            <animation type="Visible">
                <effect type="fade" start="0" end="100" time="200" tween="sine" easing="in" delay="200" />
                <effect type="slide" start="50,0" end="0,0" time="250" tween="sine" easing="out" delay="200" />
            </animation>
            <animation type="Hidden">
                <effect type="fade" start="100" end="0" time="200" tween="sine" easing="out" />
                <effect type="slide" start="0,0" end="50,0" time="250" tween="sine" easing="out" />
            </animation>
            <usecontrolcoords>true</usecontrolcoords>
            <top>35%</top>
            <width>100%</width>
            <itemgap>20</itemgap>
            <control type="edit" id="1" description="Username">
                <centerleft>50%</centerleft>
                <width>450</width>
                <height>60</height>
                <visible>true</visible>
                <aligny>center</aligny>
                <hinttext>نام کاربری یا شماره تلفن</hinttext>
                <textoffsetx>20</textoffsetx>
                <textcolor>FF505050</textcolor>
                <disabledcolor>FF000000</disabledcolor>
                <invalidcolor>FFFFFFFF</invalidcolor>
                <texturefocus border="10" colordiffuse="fffec23b">common/box.png</texturefocus>
                <focusedcolor>FF30250c</focusedcolor>
                <texturenofocus border="10">common/box.png</texturenofocus>
                <pulseonselect>no</pulseonselect>

            </control>
            <control type="button" id="3" description="Login">
                <centerleft>50%</centerleft>
                <width>450</width>
                <height>60</height>
                <label>مرحله بعد</label>         
                <textcolor>FFF7F7F7</textcolor>
                <focusedcolor>FF30250c</focusedcolor>
                <texturenofocus border="10" colordiffuse="587d7d7d">diffuse/box.png</texturenofocus>
                <texturefocus border="10" colordiffuse="fffec23b">diffuse/box.png</texturefocus>
                <onclick>SetProperty(LoginSetep,"Password")</onclick>
            </control>
            <control type="label">
                <height>40</height>
                <width>auto</width>
                <align>center</align>
                <textcolor>ff6f6f6f</textcolor>
                <font>font_tiny</font>
                <label>$INFO[Control.GetText(1)]</label>
            </control>


        </control>

        <control type="grouplist" id="1200">
            <defaultcontrol>7</defaultcontrol>
            <onback>SetProperty(LoginSetep,"Username")</onback>
            <visible>String.IsEqual(Window.Property(LoginSetep),Password)</visible>
            <animation type="Visible">
                <effect type="fade" start="0" end="100" time="200" tween="sine" easing="in" delay="200" />
                <effect type="slide" start="50,0" end="0,0" time="250" tween="sine" easing="out" delay="200" />
            </animation>
            <animation type="Hidden">
                <effect type="fade" start="100" end="0" time="200" tween="sine" easing="out" />
                <effect type="slide" start="0,0" end="50,0" time="250" tween="sine" easing="out" />
            </animation>
            <top>35%</top>
            <width>100%</width>
            <itemgap>20</itemgap>
            <usecontrolcoords>true</usecontrolcoords>
            <control type="edit" id="5" description="password">
                <centerleft>50%</centerleft>
                <width>450</width>
                <height>60</height>
                <visible>true</visible>
                <hinttext>رمز عبور</hinttext>
                <textoffsetx>20</textoffsetx>
                <textcolor>FF505050</textcolor>
                <disabledcolor>FF000000</disabledcolor>
                <invalidcolor>FFFFFFFF</invalidcolor>
                <texturefocus border="10" colordiffuse="fffec23b">common/box.png</texturefocus>
                <focusedcolor>FF30250c</focusedcolor>
                <texturenofocus border="10">common/box.png</texturenofocus>
                <pulseonselect>no</pulseonselect>

            </control>
            <control type="button" id="3" description="Login">
                <centerleft>50%</centerleft>
                <width>450</width>
                <height>60</height>
                <label>ورود</label>         
                <textcolor>FFF7F7F7</textcolor>
                <focusedcolor>FF30250c</focusedcolor>
                <texturenofocus border="10" colordiffuse="587d7d7d">diffuse/box.png</texturenofocus>
                <texturefocus border="10" colordiffuse="fffec23b">diffuse/box.png</texturefocus>
                <onclick>XBMC.RunScript(plugin.video.filimo,action=loginToFilimo&amp;workon=pass)</onclick>
            </control>
            <control type="button" id="9" description="Login">
                <centerleft>50%</centerleft>
                <width>450</width>
                <height>60</height>
                <label>دریافت رمز یکبار مصرف</label>         
                <textcolor>FFF7F7F7</textcolor>
                <focusedcolor>FF30250c</focusedcolor>
                <texturenofocus border="10" colordiffuse="587d7d7d">diffuse/box.png</texturenofocus>
                <texturefocus border="10" colordiffuse="fffec23b">diffuse/box.png</texturefocus>
                <onclick>XBMC.RunScript(plugin.video.filimo,action=loginToFilimo&amp;workon=otp)</onclick>
            </control>

            <control type="label">
                <height>40</height>
                <width>auto</width>
                <align>center</align>
                <textcolor>ff6f6f6f</textcolor>
                <font>font_tiny</font>
                <label>$INFO[Window.Property(notif)]</label>
            </control>


        </control>


    </controls>
</window>
