<?xml version="1.0" encoding="UTF-8"?>
<window type="dialog" id="1140">
    <visible>false</visible>
    <controls>

    <control type="image">
        <aspectratio>scale</aspectratio>
        <texture background="true" colordiffuse="ff060606">common/box.png</texture>
    </control>
    <include>Global_Background</include>      
    <control type="image">
        <height>257</height>
        <width>234</width>
        <centerleft>50%</centerleft>
        <centertop>50%</centertop>
        <animation effect="slide" time="1600" delay="1400" start="0,-900" end="0,0" tween="bounce" easing="out" condition="true">Conditional</animation>
        <texture>filimo-icon.png</texture>
    </control>

    </controls>
</window>
