<?xml version="1.0" encoding="UTF-8"?>
<window type="dialog" id="1138">
        <defaultcontrol>65312</defaultcontrol>
    <controls>
        <control type="group">
            <top>100</top>
            <left>40</left>

            <control type="group">
                    <top>50</top>
                    <centerleft>50%</centerleft>
                    <width>1100</width>
                    <height>80</height>
                <control type="image">
                    <texture colordiffuse="60ffe9b8">common/searchbar.png</texture>
                </control>
                <control type="image">
                    <top>20</top>
                    <width>40</width>
                    <height>40</height>
                    <left>30</left>
                    <texture>buttons/search.png</texture>
                </control>
                <control type="label">
                    <label>$INFO[Window(Home).Property(SearchText)]</label>
                    <!-- <label>SetProperty(SearchText,ب.jpg,1138)</label> -->
                    <textcolor>fff7f7f7</textcolor>
                    <font>font_med_filimo_bold</font>
                    <align>center</align>
                </control>
            </control>    

            <control type="grouplist" id="65312">
                <centerleft>62%</centerleft>
                <width>1400</width>
                <height>900</height>
                <top>170</top>    
                <orientation>horizontal</orientation>         
                <ondown>SetFocus(23456)</ondown>
                <control type="grouplist" id="76101">
                    <width>90</width>
                    <height>900</height>
                    <orientation>vertical</orientation>  
                    <itemgap>10</itemgap> 
                    <align>left</align>   
                    <onup>SetFocus(50098)</onup>
                    <control type="button" id="76121">
                        <textoffsetx>0</textoffsetx>
                        <width>70</width>
                        <height>70</height>
                        <texturenofocus border="10" colordiffuse="8f2c2c2c">diffuse/box.png</texturenofocus>
                        <texturefocus border="10" colordiffuse="fffec23b">diffuse/box.png</texturefocus>
                        <textcolor>ffffffff</textcolor>
                        <focusedcolor>FF30250c</focusedcolor>
                        <label>___</label>
                        <onclick>SetProperty(SearchTextChar,-,Home)</onclick>
                        <onright>SetFocus(78101)</onright>
                        <onleft>SetFocus(78112)</onleft>
                    </control>
                    <control type="button" id="76122">
                        <textoffsetx>0</textoffsetx>
                        <width>70</width>
                        <height>70</height>
                        <texturenofocus border="10" colordiffuse="8f2c2c2c">diffuse/box.png</texturenofocus>
                        <texturefocus border="10" colordiffuse="fffec23b">diffuse/box.png</texturefocus>
                        <textcolor>ffffffff</textcolor>
                        <focusedcolor>FF30250c</focusedcolor>
                        <label>-></label>
                        <onclick>SetProperty(SearchTextChar,;$INFO[Window(Home).Property(SearchTextChar)],Home)</onclick>
                        <onright>SetFocus(78113)</onright>
                        <onleft>SetFocus(78123)</onleft>
                    </control>
                    <control type="button" id="76123">
                        <textoffsetx>0</textoffsetx>
                        <width>70</width>
                        <height>70</height>
                        <texturenofocus border="10" colordiffuse="8f2c2c2c">diffuse/box.png</texturenofocus>
                        <texturefocus border="10" colordiffuse="fffec23b">diffuse/box.png</texturefocus>
                        <textcolor>ffffffff</textcolor>
                        <focusedcolor>FF30250c</focusedcolor>
                        <label>$INFO[Window(Home).Property(Lang)]</label>
                        <onclick condition="String.IsEqual(Window(Home).Property(Lang),en)">SetProperty(Lang,fa,Home)</onclick>
                        <onclick condition="!String.IsEqual(Window(Home).Property(Lang),en)">SetProperty(Lang,en,Home)</onclick>
                        <onright>SetFocus(78124)</onright>
                        <onleft>SetFocus(78131)</onleft>
                    </control>
                    
                </control>    
                
                <control type="grouplist" id="76102"> <!-- alphabet Keyboard Layout -->
                    <orientation>vertical</orientation>
                    <itemgap>80</itemgap>   
                    <width>1090</width>
                    <height>900</height>
                    <control type="grouplist" id="77101">
                        <orientation>horizontal</orientation>
                        <itemgap>10</itemgap>
                        <onleft>SetFocus(76121)</onleft>
                        <onright>SetFocus(78113)</onright>
                        <include content="alphabet_btn">
                            <param name="id" value="78101" />
                            <param name="label" value="$VAR[kc1]" />
                            <onclick>SetProperty(SearchTextChar,$VAR[kc1],Home)</onclick>
                            <ondown>SetFocus(78113)</ondown>
                            <onup>SetFocus(50098)</onup>
                        </include>

                        <include content="alphabet_btn">
                            <param name="id" value="78102" />
                            <param name="label" value="$VAR[kc2]" />
                            <onclick>SetProperty(SearchTextChar,$VAR[kc2],Home)</onclick>
                            <ondown>SetFocus(78114)</ondown>
                            <onup>SetFocus(50098)</onup>
                        </include>

                        <include content="alphabet_btn">
                            <param name="id" value="78103" />
                            <param name="label" value="$VAR[kc3]" />
                            <onclick>SetProperty(SearchTextChar,$VAR[kc3],Home)</onclick>
                            <ondown>SetFocus(78115)</ondown>
                            <onup>SetFocus(50098)</onup>
                        </include>

                        <include content="alphabet_btn">
                            <param name="id" value="78104" />
                            <param name="label" value="$VAR[kc4]" />
                            <onclick>SetProperty(SearchTextChar,$VAR[kc4],Home)</onclick>
                            <ondown>SetFocus(78116)</ondown>
                            <onup>SetFocus(50098)</onup>
                        </include>

                        <include content="alphabet_btn">
                            <param name="id" value="78105" />
                            <param name="label" value="$VAR[kc5]" />
                            <onclick>SetProperty(SearchTextChar,$VAR[kc5],Home)</onclick>
                            <ondown>SetFocus(78117)</ondown>
                            <onup>SetFocus(50098)</onup>
                        </include>

                        <include content="alphabet_btn">
                            <param name="id" value="78106" />
                            <param name="label" value="$VAR[kc6]" />
                            <onclick>SetProperty(SearchTextChar,$VAR[kc6],Home)</onclick>
                            <ondown>SetFocus(78118)</ondown>
                            <onup>SetFocus(50098)</onup>
                        </include>

                        <include content="alphabet_btn">
                            <param name="id" value="78107" />
                            <param name="label" value="$VAR[kc7]" />
                            <onclick>SetProperty(SearchTextChar,$VAR[kc7],Home)</onclick>
                            <ondown>SetFocus(78119)</ondown>
                            <onup>SetFocus(50098)</onup>
                        </include>

                        <include content="alphabet_btn">
                            <param name="id" value="78108" />
                            <param name="label" value="$VAR[kc8]" />
                            <onclick>SetProperty(SearchTextChar,$VAR[kc8],Home)</onclick>
                            <ondown>SetFocus(78120)</ondown>
                            <onup>SetFocus(50098)</onup>
                        </include>

                        <include content="alphabet_btn">
                            <param name="id" value="78109" />
                            <param name="label" value="$VAR[kc9]" />
                            <onclick>SetProperty(SearchTextChar,$VAR[kc9],Home)</onclick>
                            <ondown>SetFocus(78121)</ondown>
                            <onup>SetFocus(50098)</onup>
                        </include>

                        <include content="alphabet_btn">
                            <param name="id" value="78110" />
                            <param name="label" value="$VAR[kc10]" />
                            <onclick>SetProperty(SearchTextChar,$VAR[kc10],Home)</onclick>
                            <ondown>SetFocus(78112)</ondown>
                            <onup>SetFocus(50098)</onup>
                        </include>

                        <include content="alphabet_btn">
                            <param name="id" value="78111" />
                            <param name="label" value="$VAR[kc11]" />
                            <onclick>SetProperty(SearchTextChar,$VAR[kc11],Home)</onclick>
                            <ondown>SetFocus(78112)</ondown>
                            <onup>SetFocus(50098)</onup>
                        </include>

                    </control>

                    <control type="grouplist"  id="77102">
                        <orientation>horizontal</orientation>
                        <itemgap>10</itemgap>
                        <right>0</right>
                        <onleft>SetFocus(76122)</onleft>
                        <onright>SetFocus(78112)</onright>
                        <include content="alphabet_btn">
                            <param name="id" value="78113" />
                            <param name="label" value="$VAR[kc13]" />
                            <onclick>SetProperty(SearchTextChar,$VAR[kc13],Home)</onclick>
                            <ondown>SetFocus(78124)</ondown>
                            <onup>SetFocus(78101)</onup>
                        </include>

                        <include content="alphabet_btn">
                            <param name="id" value="78114" />
                            <param name="label" value="$VAR[kc14]" />
                            <onclick>SetProperty(SearchTextChar,$VAR[kc14],Home)</onclick>
                            <ondown>SetFocus(78125)</ondown>
                            <onup>SetFocus(78102)</onup>
                        </include>

                        <include content="alphabet_btn">
                            <param name="id" value="78115" />
                            <param name="label" value="$VAR[kc15]" />
                            <onclick>SetProperty(SearchTextChar,$VAR[kc15],Home)</onclick>
                            <ondown>SetFocus(78126)</ondown>
                            <onup>SetFocus(78103)</onup>
                        </include>

                        <include content="alphabet_btn">
                            <param name="id" value="78116" />
                            <param name="label" value="$VAR[kc16]" />
                            <onclick>SetProperty(SearchTextChar,$VAR[kc16],Home)</onclick>
                            <ondown>SetFocus(78127)</ondown>
                            <onup>SetFocus(78104)</onup>
                        </include>

                        <include content="alphabet_btn">
                            <param name="id" value="78117" />
                            <param name="label" value="$VAR[kc17]" />
                            <onclick>SetProperty(SearchTextChar,$VAR[kc17],Home)</onclick>
                            <ondown>SetFocus(78128)</ondown>
                            <onup>SetFocus(78105)</onup>
                        </include>

                        <include content="alphabet_btn">
                            <param name="id" value="78118" />
                            <param name="label" value="$VAR[kc18]" />
                            <onclick>SetProperty(SearchTextChar,$VAR[kc18],Home)</onclick>
                            <ondown>SetFocus(78129)</ondown>
                            <onup>SetFocus(78106)</onup>
                        </include>

                        <include content="alphabet_btn">
                            <param name="id" value="78119" />
                            <param name="label" value="$VAR[kc19]" />
                            <onclick>SetProperty(SearchTextChar,$VAR[kc19],Home)</onclick>
                            <ondown>SetFocus(78130)</ondown>
                            <onup>SetFocus(78107)</onup>
                        </include>

                        <include content="alphabet_btn">
                            <param name="id" value="78120" />
                            <param name="label" value="$VAR[kc20]" />
                            <onclick>SetProperty(SearchTextChar,$VAR[kc20],Home)</onclick>
                            <ondown>SetFocus(78131)</ondown>
                            <onup>SetFocus(78108)</onup>
                        </include>

                        <include content="alphabet_btn">
                            <param name="id" value="78121" />
                            <param name="label" value="$VAR[kc21]" />
                            <onclick>SetProperty(SearchTextChar,$VAR[kc21],Home)</onclick>
                            <ondown>SetFocus(78122)</ondown>
                            <onup>SetFocus(78109)</onup>
                        </include>
                        <include content="alphabet_btn">
                            <param name="id" value="78112" />
                            <param name="label" value="$VAR[kc12]" />
                            <onclick>SetProperty(SearchTextChar,$VAR[kc12],Home)</onclick>
                            <ondown>SetFocus(78123)</ondown>
                            <onup>SetFocus(78110)</onup>
                        </include>
                    </control>


                    <control type="grouplist"  id="77103">
                        <orientation>horizontal</orientation>
                        <itemgap>10</itemgap>
                        <right>0</right>
                        <onleft>SetFocus(76123)</onleft>
                        <onright>SetFocus(78121)</onright>
                        <include content="alphabet_btn">
                                <param name="id" value="78124" />
                                <param name="label" value="$VAR[kc24]" />
                                <onclick>SetProperty(SearchTextChar,$VAR[kc24],Home)</onclick>
                                <ondown>SetFocus(23456)</ondown>
                                <onup>SetFocus(78113)</onup>
                            </include>

                            <include content="alphabet_btn">
                                <param name="id" value="78125" />
                                <param name="label" value="$VAR[kc25]" />
                                <onclick>SetProperty(SearchTextChar,$VAR[kc25],Home)</onclick>
                                <ondown>SetFocus(23456)</ondown>
                                <onup>SetFocus(78114)</onup>
                            </include>

                            <include content="alphabet_btn">
                                <param name="id" value="78126" />
                                <param name="label" value="$VAR[kc26]" />
                                <onclick>SetProperty(SearchTextChar,$VAR[kc26],Home)</onclick>
                                <ondown>SetFocus(23456)</ondown>
                                <onup>SetFocus(78115)</onup>
                            </include>

                            <include content="alphabet_btn">
                                <param name="id" value="78127" />
                                <param name="label" value="$VAR[kc27]" />
                                <onclick>SetProperty(SearchTextChar,$VAR[kc27],Home)</onclick>
                                <ondown>SetFocus(23456)</ondown>
                                <onup>SetFocus(78116)</onup>
                            </include>

                            <include content="alphabet_btn">
                                <param name="id" value="78128" />
                                <param name="label" value="$VAR[kc28]" />
                                <onclick>SetProperty(SearchTextChar,$VAR[kc28],Home)</onclick>
                                <ondown>SetFocus(23456)</ondown>
                                <onup>SetFocus(78117)</onup>
                            </include>

                            <include content="alphabet_btn">
                                <param name="id" value="78129" />
                                <param name="label" value="$VAR[kc29]" />
                                <onclick>SetProperty(SearchTextChar,$VAR[kc29],Home)</onclick>
                                <ondown>SetFocus(23456)</ondown>
                                <onup>SetFocus(78118)</onup>
                            </include>

                            <include content="alphabet_btn">
                                <param name="id" value="78130" />
                                <param name="label" value="$VAR[kc30]" />
                                <onclick>SetProperty(SearchTextChar,$VAR[kc30],Home)</onclick>
                                <ondown>SetFocus(23456)</ondown>
                                <onup>SetFocus(78119)</onup>
                            </include>

                            <include content="alphabet_btn">
                                <param name="id" value="78131" />
                                <param name="label" value="$VAR[kc31]" />
                                <onclick>SetProperty(SearchTextChar,$VAR[kc31],Home)</onclick>
                                <ondown>SetFocus(23456)</ondown>
                                <onup>SetFocus(78120)</onup>
                            </include>
                            <include content="alphabet_btn">
                                <param name="id" value="78122" />
                                <param name="label" value="$VAR[kc22]" />
                                <onclick>SetProperty(SearchTextChar,$VAR[kc22],Home)</onclick>
                                <ondown>SetFocus(23456)</ondown>
                                <onup>SetFocus(78121)</onup>
                            </include>

                            <include content="alphabet_btn">
                                <param name="id" value="78123" />
                                <param name="label" value="$VAR[kc23]" />
                                <onclick>SetProperty(SearchTextChar,$VAR[kc23],Home)</onclick>
                                <ondown>SetFocus(23456)</ondown>
                                <onup>SetFocus(78112)</onup>
                            </include>
                    </control>
                </control>


            </control>    
        
            <control type="list" id="23456">
                <scrolltime tween="quadratic" easing="out">400</scrolltime>
                <orientation>horizontal</orientation>
                <top>450</top>
                <onup>SetFocus(65312)</onup>
                <ondown>SetFocus(4913)</ondown>
                <height>item_cast_height</height>
                <itemlayout width="item_poster_width_single_movie" height="item_row_height">
                    <include content="View_51_Wall_Itemlayout">
                        <param name="selectbox" value="false" />
                        <param name="icon" value="$VAR[Image_Poster]" />
                        <param name="id" value="23456" />
                        <param name="altid" value="5781" />
                        <param name="labelinclude" value="Defs_Null" />
                        <param name="rvs" value="false" />
                        <param name="focusbounce" value="false" />
                    </include>
                </itemlayout>
                <focusedlayout width="item_poster_width_single_movie" height="item_row_height">
                    <include content="View_51_Wall_Itemlayout">
                        <param name="selectbox" value="true" />
                        <param name="icon" value="$VAR[Image_Poster]" />
                        <param name="id" value="23456" />
                        <param name="altid" value="5781" />
                        <param name="labelinclude" value="Defs_Null" />
                        <param name="rvs" value="false" />
                        <param name="focusbounce" value="false" />
                    </include>
                </focusedlayout>
                <include content="Object_Widget_ContentPath">
                    <param name="target" value="videos" />
                    <param name="sortby" value="" />
                    <param name="sortorder" value="" />
                    <param name="limit" value="" />
                    <param name="content" value="plugin://plugin.video.filimo/?action=action_search_filimo&amp;searchstring=$INFO[Window(Home).Property(SearchTextChar)]" />
                </include>
            </control>
    
            <control type="button" id="4913">
                <onup>SetFocus(23456)</onup>
                <texturenofocus border="10" colordiffuse="587d7d7d">diffuse/box.png</texturenofocus>
                <texturefocus border="10" colordiffuse="fffec23b">diffuse/box.png</texturefocus>
                <centerleft>50%</centerleft>
                <width>500</width>
                <height>50</height>
                <top>830</top>
                <label>مشاهده موارد بیشتر</label>
                <textcolor>FFF7F7F7</textcolor>
                <focusedcolor>FF30250c</focusedcolor>
            </control>

        </control>


    </controls>
</window>
