<?xml version="1.0" encoding="UTF-8"?>
<window type="dialog" id="1142">
    <defaultcontrol always="true">5003</defaultcontrol>
    <controls>
    <control type="image">
        <aspectratio>scale</aspectratio>
        <texture background="true">common/geometric.png</texture>
        <animation effect="fade" time="0" end="80" condition="true">Conditional</animation>
    </control>
        <!-- Top Info -->
        <control type="group">
            <animation effect="fade" condition="Window.IsVisible(Home.xml)" time="1" delay="350" start="0" end="100">WindowOpen</animation>
            <include content="Topbar">
                <param name="info_hide" value="false" />
            </include>
        </control>

        <control type="group">
            <!-- <control type="image">
                <align>center</align>
                <texture>$INFO[Window(10025).Property(posterurl)]</texture>
            </control>     -->

            <control type="group">
                <height>52</height>
                <visible>Integer.IsGreater(Container(5003).NumItems,0) | Container(5003).IsUpdating</visible>
                <control type="button" id="5103">
                    <texturefocus />
                    <texturenofocus />
                    <font />
                    <textcolor />
                    <onclick>SetProperty(route,$INFO[Container(5003).ListItem.Property(route)],10025)</onclick> 
                    <onclick>ActivateWindow(1142)</onclick> 
                    <onback>300</onback>
                    <onup>SetFocus(5003)</onup>
                    <onup>Up</onup>
                    <ondown>SetFocus(5004)</ondown>
                    <!-- <ondown>Down</ondown> -->
                    <onleft>SetFocus(5003)</onleft>
                    <onleft>Right</onleft>
                    <onright>SetFocus(5003)</onright>
                    <onright>Left</onright>
                </control>
            </control>

            <control type="group">
                <height>52</height>
                <visible>Integer.IsGreater(Container(5004).NumItems,0) | Container(5004).IsUpdating</visible>
                <control type="button" id="5104">
                    <texturefocus />
                    <texturenofocus />
                    <font />
                    <textcolor />
                    <onclick>SetProperty(route,$INFO[Container(5004).ListItem.Property(route)],10025)</onclick> 
                    <onclick>ActivateWindow(1142)</onclick> 
                    <onclick>SetFocus(5003)</onclick> 
                    <onback>300</onback>
                    <onup>SetFocus(5003)</onup>
                    <!-- <onup>Up</onup> -->
                    <ondown>SetFocus(5004)</ondown>
                    <ondown>Down</ondown>
                    <onleft>SetFocus(5004)</onleft>
                    <onleft>Right</onleft>
                    <onright>SetFocus(5004)</onright>
                    <onright>Left</onright>
                </control>
            </control>


            <!-- Similar -->
            <include content="Info_Widget_Poster">
                <param name="includecondition" value="true" />
                <param name="id" value="5003" />
                <param name="altid" value="5103" />
                <param name="groupid" value="7503" />
                <param name="label" value="sd" />
                <include>Defs_InfoList_OnBack</include>
                <visible>true</visible>
                <content limit="25" target="videos">$VAR[Info_Similar]</content>
            </include>



            <!-- Similar -->
            <include content="Info_Widget_Poster">
                <param name="includecondition" value="true" />
                <param name="id" value="5004" />
                <param name="altid" value="5104" />
                <param name="groupid" value="7503" />
                <param name="label" value="sd" />
                <include>Defs_InfoList_OnBack</include>
                <visible>true</visible>
                <top>400</top>
                <content limit="25" target="videos">plugin://plugin.video.filimo/?action=actionSimilar&amp;route=$INFO[Window(10025).Property(route)]</content>
            </include>


            <control type="label">
                <align>center</align>
                <label>$INFO[Window(10025).Property(aliname)]</label>
                <bottom>50</bottom>
            </control>
            
            <control type="label">
                <align>center</align>
                <top>1000</top>
                <label>$INFO[Window(10025).Property(route)]</label>
            </control>

            <control type="button">
                <height>40</height>
                <width>30</width>
                <top>100</top>
                <align>center</align>
                <label>clickme</label>
                <!-- <onclick>SetProperty(key,value[,id]))</onclick> -->
            </control>
        </control>

        <!-- <include>DialogVideoInfo</include> -->
    </controls>
</window>
