<?xml version="1.0" encoding="UTF-8"?>
<!-- Foundation -->
<window id="0">
    <defaultcontrol always="false">301</defaultcontrol>
    <onload>RunScript(plugin.video.themoviedb.helper,reset_path)</onload>
    <onload condition="Skin.HasSetting(ThemeSwitcher) + System.Time(06:00,18:00) + !String.IsEqual(Skin.CurrentColourTheme,SKINDEFAULT)">XBMC.RunScript(script.skin.helper.service,action=setkodisetting,setting=lookandfeel.skincolors,value=SKINDEFAULT)</onload>
    <onload condition="Skin.HasSetting(ThemeSwitcher) + !System.Time(06:00,18:00) + !String.IsEqual(Skin.CurrentColourTheme,Dark)">XBMC.RunScript(script.skin.helper.service,action=setkodisetting,setting=lookandfeel.skincolors,value=Dark)</onload>

    <onload>SetProperty(ListItemHelper.WidgetContainerWindowName,home,home)</onload>

    <onunload condition="!Control.HasFocus(301) + [Window.Next(VideoFullScreen.xml) | Window.Next(MusicVisualisation.xml)]">SetFocus(301)</onunload>
    <onload condition="Window.Previous(VideoFullScreen.xml) | Window.Previous(MusicVisualisation.xml)">SetFocus(301)</onload>
    
    <onload>RunScript(script.skinshortcuts,type=buildxml&amp;mainmenuID=301&amp;levels=1&amp;group=mainmenu|powermenu|searchmenu)</onload>
    
    <onload condition="String.IsEmpty(Window(Home).Property(SkinSplashStarted))">AlarmClock(SkinSplashStarted,SetProperty(SkinSplashStarted,1,home),00:01,silent,false)</onload>

    <onunload>ClearProperty(SkinHelper.WidgetContainer,Home)</onunload>
    <onunload>ClearProperty(ListItemHelper.WidgetContainerId,Home)</onunload>

    <controls>
        <control type="button" id="6000">
            <description>Weather Jump</description>
            <include>Defs_Hidden_Button</include>
            <onup>301</onup>
            <ondown>301</ondown>
            <onleft>301</onleft>
            <onright>301</onright>
            <onback>301</onback>
            <onclick>ActivateWindow(Weather)</onclick>
        </control>
        <control type="list" id="9989">
            <description>hidden container for widget count</description>
            <posx>-20</posx>
            <posy>-20</posy>
            <width>1</width>
            <height>1</height>
            <visible>true</visible>
            <onup>50</onup>
            <ondown>50</ondown>
            <onleft>50</onleft>
            <onright>50</onright>
            <itemlayout width="1" height="1">
            </itemlayout>
            <focusedlayout height="1" width="1">
            </focusedlayout>
            <content><include>skinshortcuts-submenu-1</include></content>
        </control>
        <control type="list" id="9988">
            <description>hidden container for playlist background</description>
            <posx>-20</posx>
            <posy>-20</posy>
            <width>1</width>
            <height>1</height>
            <visible>true</visible>
            <onup>50</onup>
            <ondown>50</ondown>
            <onleft>50</onleft>
            <onright>50</onright>
            <include content="Defs_AutoScroll">
                <param name="condition" value="true" />
            </include>
            <itemlayout width="1" height="1">
            </itemlayout>
            <focusedlayout height="1" width="1">
            </focusedlayout>
            <content>$INFO[Container(301).ListItem.Property(backgroundPlaylist)]</content>
        </control>

            <!-- .......................Home main page started here ,.................... -->
        <control type="group">
            <control type="multiimage">
                <include>Defs_TimePerImage</include>
                <randomize>true</randomize>
                <width>1920</width>
                <height>1080</height>
                <aspectratio>scale</aspectratio>
                <include condition="Skin.HasSetting(EnableBlur) + !Skin.HasSetting(OnlyBlurInfo)">Defs_Global_Fade_Blur</include>
                <fadetime>600</fadetime>
                <animation effect="fade" start="45" end="15" time="300" reversible="false" condition="![[Skin.HasSetting(EnableBlur) + !Skin.HasSetting(OnlyBlurInfo)] | [Skin.HasSetting(EnableBlur) + Skin.HasSetting(OnlyBlurInfo) + [Window.IsActive(DialogVideoInfo.xml) | Window.IsActive(DialogMusicInfo.xml) | Window.IsActive(DialogAddonInfo.xml)]]]">Conditional</animation>
                <animation effect="fade" end="45" start="15" delay="600" time="600" reversible="false" condition="[Skin.HasSetting(EnableBlur) + !Skin.HasSetting(OnlyBlurInfo)] | [Skin.HasSetting(EnableBlur) + Skin.HasSetting(OnlyBlurInfo) + [Window.IsActive(DialogVideoInfo.xml) | Window.IsActive(DialogMusicInfo.xml) | Window.IsActive(DialogAddonInfo.xml)]]">Conditional</animation>
                <imagepath background="true">$INFO[ListItem.Icon]</imagepath>
                <animation effect="zoom" start="110" end="130" center="auto" time="10000" tween="sine" easing="inout" pulse="true" condition="Skin.HasSetting(KenBurnsEffect)">Conditional</animation>
                <animation effect="slide" start="-30,-30" end="30,30" time="6000" tween="sine" easing="inout" pulse="true" condition="Skin.HasSetting(KenBurnsEffect)">Conditional</animation>
                <visible>Control.HasFocus(23101)</visible>
            </control>

            <!-- <include>Global_Background</include> -->
                <!-- <include content="Topbar">
                    <param name="visible" value="ControlGroup(3000).HasFocus()" />
                </include> -->
                <!-- <control type="group">
                    <top>view_top</top>
                    <include>Animation_FadeIn_Delay</include>
                    <visible>ControlGroup(3000).HasFocus()</visible>
                    <visible>!$EXP[Exp_ShowPlotOverlay]</visible>
                    <include>Defs_InfoDialog_Visible</include>
                    <visible>!String.IsEqual(Container(9989).ListItemAbsolute(0).Property(list),Settings) + !String.IsEqual(Container(9989).ListItemAbsolute(0).Property(list),Weather)</visible>
                    <include content="Object_Info_Arrows">
                        <param name="id" value="3000" />
                    </include>
                </control> -->
                <control type="group">
                    <!-- <animation effect="slide" start="0" end="-257.14" time="200" condition="ControlGroup(3000).HasFocus() | Control.HasFocus(5000) | Control.HasFocus(5100)">Conditional</animation>
                    <animation effect="slide" start="0" end="-380" time="200" condition="Control.HasFocus(6000)">Conditional</animation> -->
                    <!-- <control type="group">
                        <include>Animation_Right</include>
                        <control type="group">
                            <left>380</left>
                            <right>-380</right>
                            <visible>String.IsEqual(Container(9989).ListItemAbsolute(0).Property(list),Weather)</visible>
                            <include>Weather</include>
                        </control>
                        <control type="group">
                            <animation effect="slide" start="0" end="257.14" time="0" condition="true">Conditional</animation>
                            <visible>String.IsEqual(Container(9989).ListItemAbsolute(0).Property(list),Settings)</visible>
                            <include content="View_Settings">
                                <param name="hideonwindowopen" value="false" />
                            </include>
                        </control>
                    </control> -->
                    <control type="group">
                        <control type="grouplist">
                            <top>150</top>
                            <bottom>-15</bottom>
                            <orientation>horizontal</orientation>
                            <!-- <usecontrolcoords>true</usecontrolcoords> -->
                            <itemgap>0</itemgap>
                            <!-- <align>right</align> -->
                            <width>3000</width>
                                <!-- <right>100</right> -->
                                <left>257</left>
                            <control type="group" id="99300">
                                <animation effect="rotatey"  start="0" end="180" center="960,0" condition="true" >Conditional</animation> 
                                <height>view_height</height>
                                <!-- <align>right</align> -->
                                <width>3000</width>
                                <!-- <include>Animation_Left</include> -->
                                <!-- <include>Defs_InfoDialog_Visible</include> -->
                                <control type="grouplist" id="3000">
                                    <!-- <include content="Object_Widget_Spotlight">
                                        <param name="controltype" value="fixedlist" />
                                        <param name="id" value="23101" />
                                        <param name="top" value="52" />
                                        <param name="left" value="0" />
                                        <param name="right" value="0" />
                                        <param name="height" value="item_cast_height" />
                                        <param name="orientation" value="horizontal" />
                                        <param name="labelinclude" value="Defs_Null" />
                                        <param name="landscapelabelinclude" value="View_Widget_LandscapeLabel" />
                                        <param name="label2" value="ListItem.TvShowTitle" />
                                        <param name="target" value="videos" />
                                        <param name="content" value="plugin://plugin.video.filimo" />
                                        <param name="limit" value="" />
                                        <param name="sortby" value="" />
                                        <param name="sortorder" value="" />
                                        <param name="smallsquarecondition" value="false" />
                                        <param name="squarecondition" value="false" />
                                        <param name="smalllandscapecondition" value="false" />
                                        <param name="landscapecondition" value="false" />
                                        <param name="iconcondition" value="false" />
                                        <param name="bannercondition" value="false" />
                                        <onback>SetFocus(23101)</onback>
                                        <onback>301</onback>
                                        <focusposition>4</focusposition>
                                        <movement>3</movement> 
                                        <visible>Integer.IsGreater(Container(23101).NumItems,0) | Container(23101).IsUpdating</visible>
                                        <include content="Defs_AutoScroll">
                                            <param name="condition" value="!ControlGroup(3000).HasFocus() + System.IdleTime(1) + !Skin.HasSetting(DisableAutoScrollWidgets) + Integer.IsEqual(Container(3000).NumItems,1)" />
                                        </include>
                                    </include> -->

                                    <control type="list" id="23103">
                                        <scrolltime tween="quadratic" easing="out">400</scrolltime>
                                        <onclick condition="[Window.IsVisible(DialogVideoInfo.xml) | Window.IsVisible(1136)] + String.StartsWith(ListItem.FolderPath,plugin://plugin.video.themoviedb.helper) + [String.IsEmpty(ListItem.DBID) | [!String.IsEqual(ListItem.DBType,movie) + !String.IsEqual(ListItem.DBType,tvshow)]]">RunScript(plugin.video.themoviedb.helper,add_path=$INFO[ListItem.FolderPath],call_id=1137,delay=0.35,$PARAM[prevent_del])</onclick>
                                        <onclick condition="[Window.IsVisible(DialogVideoInfo.xml) | Window.IsVisible(1136)] + String.StartsWith(ListItem.FolderPath,plugin://plugin.video.themoviedb.helper) + !String.IsEmpty(ListItem.DBID) + String.IsEqual(ListItem.DBType,movie)">RunScript(plugin.video.themoviedb.helper,add_path=$INFO[ListItem.Label,videodb://movies/titles/?xsp=%7B%22order%22%3A%7B%22direction%22%3A%22ascending%22%2C%22ignorefolders%22%3A0%2C%22method%22%3A%22sorttitle%22%7D%2C%22rules%22%3A%7B%22and%22%3A%5B%7B%22field%22%3A%22title%22%2C%22operator%22%3A%22is%22%2C%22value%22%3A%5B%22,%22%5D%7D%5D%7D%2C%22type%22%3A%22movies%22%7D],call_id=1137,delay=0.35,$PARAM[prevent_del])</onclick>
                                        <onclick condition="[Window.IsVisible(DialogVideoInfo.xml) | Window.IsVisible(1136)] + String.StartsWith(ListItem.FolderPath,plugin://plugin.video.themoviedb.helper) + !String.IsEmpty(ListItem.DBID) + String.IsEqual(ListItem.DBType,tvshow)">RunScript(plugin.video.themoviedb.helper,add_path=$INFO[ListItem.Label,videodb://tvshows/titles/?xsp=%7B%22order%22%3A%7B%22direction%22%3A%22ascending%22%2C%22ignorefolders%22%3A0%2C%22method%22%3A%22sorttitle%22%7D%2C%22rules%22%3A%7B%22and%22%3A%5B%7B%22field%22%3A%22title%22%2C%22operator%22%3A%22is%22%2C%22value%22%3A%5B%22,%22%5D%7D%5D%7D%2C%22type%22%3A%22tvshows%22%7D],call_id=1137,delay=0.35,$PARAM[prevent_del])</onclick>
                                        <preloaditems>2</preloaditems>
                                        <orientation>horizontal</orientation>
                                        <top>100</top>
                                        <height>item_cast_height</height>
                                        <right>0</right>
                                        <left>0</left>
                                        <focusposition>4</focusposition>
                                        <movement>3</movement> 
                                        <itemlayout width="item_poster_width" height="item_row_height">
                                            <include content="View_51_Wall_Itemlayout">
                                                <param name="selectbox" value="false" />
                                                <param name="icon" value="$VAR[Image_Poster]" />
                                                <param name="id" value="23103" />
                                                <param name="labelinclude" value="Defs_Null" />
                                                <param name="rvs" value="true" />
                                            </include>
                                        </itemlayout>
                                        <focusedlayout width="item_poster_width" height="item_row_height">
                                            <include content="View_51_Wall_Itemlayout">
                                                <param name="selectbox" value="true" />
                                                <param name="icon" value="$VAR[Image_Poster]" />
                                                <param name="id" value="23103" />
                                                <param name="labelinclude" value="Defs_Null" />
                                                <param name="rvs" value="true" />
                                            </include>
                                        </focusedlayout>
                                        <include content="Object_Widget_ContentPath">
                                            <param name="target" value="videos" />
                                            <param name="sortby" value="" />
                                            <param name="sortorder" value="" />
                                            <param name="limit" value="" />
                                            <param name="content" value="plugin://plugin.video.filimo" />
                                        </include>
                                    </control>


                                    <!-- <include>skinshortcuts-template-vertical-submenu</include> -->
                                    <!-- <include>skinshortcuts-template-vertical-main</include> -->
                                </control>
                            </control>

                            
                        </control>
                    </control>
                </control>
            <!-- .......................Home main page started here ,.................... -->

        </control>
        <include>Object_PlotOverlay</include>

        <!-- Splash -->
        <!-- <control type="image" description="Background">
            <include>Dimensions_Fullscreen</include>
            <texture colordiffuse="Background">common/bg.jpg</texture>
            <visible>String.IsEmpty(Skin.String(StartupPlaylist))</visible>
            <visible>String.IsEmpty(Window(Home).Property(SkinSplashStarted)) | Integer.IsEqual(Container(301).NumItems,0) | Container(301).IsUpdating</visible>
            <animation effect="fade" start="100" end="0" delay="600" time="600" tween="quadratic">Hidden</animation>
        </control>
        <control type="label">
            <description>Loading</description>
            <include>Dimensions_Fullscreen</include>
            <align>center</align>
            <aligny>center</aligny>
            <label>Arctic [COLOR=$VAR[ColorHighlight]]Zephyr[/COLOR][COLOR=main_fg_12] 2[/COLOR]</label>
            <font>font_splash</font>
            <textcolor>main_fg_100</textcolor>
            <visible>String.IsEmpty(Window(Home).Property(SkinSplashStarted)) | Integer.IsEqual(Container(301).NumItems,0) | Container(301).IsUpdating</visible>
            <animation effect="fade" start="100" end="0" delay="0" time="600" tween="quadratic">Hidden</animation>
            <visible>String.IsEmpty(Skin.String(StartupPlaylist))</visible>
        </control>
        <control type="group">
            <top>800</top>
            <visible>String.IsEmpty(Skin.String(StartupPlaylist))</visible>
            <visible>String.IsEmpty(Window(Home).Property(SkinSplashStarted)) | Integer.IsEqual(Container(301).NumItems,0) | Container(301).IsUpdating</visible>
            <animation effect="fade" start="100" end="0" time="600" tween="quadratic">Hidden</animation>
            <include content="Defs_BusySpinner">
                <param name="label" value="$LOCALIZE[31349]..." />
            </include>
        </control> -->

    </controls>
</window>
