<?xml version="1.0" encoding="UTF-8"?>
<!-- Foundation -->
<window id="0">

    <defaultcontrol always="false">700</defaultcontrol>
    <onload condition="!String.IsEqual(Window(Home).Property(HomeTailInited),true)">XBMC.RunScript(script.filimoget,)</onload>
    <onload condition="String.IsEmpty(Window(Home).Property(SkinSplashStarted))">AlarmClock(SkinSplashStarted,SetProperty(SkinSplashStarted,1,home),00:01,silent,false)</onload>
    <!-- <onload condition="String.IsEqual(Container(13009).ListItem.Property(name),Settings)">Control.Move(13009,2,absolute)</onload> -->
    <onload condition="String.IsEmpty(Window(Home).Property(Lang))">SetProperty(Lang,fa,Home)</onload>
    <onload>PlayerControl(Stop)</onload>
    <!-- <onload>Skin.SetString(enternedToFilimo23,are ypu okey guys?)</onload> -->
    <!-- <onload condition="Skin.HasSetting(ifilimo)" >Skin.ToggleSetting(iFilimo,"false")</onload> -->
    <!-- <onload condition="Skin.HasSetting(cfilimo)">Skin.SetString(sfilimo,hi ali)</onload> -->
    <onload condition="String.IsEmpty(Window(Home).Property(SkinSplashStarted))">AlarmClock(SkinSplashStarted,SetProperty(SkinSplashStarted,1,home),00:01,silent,false)</onload>
    <controls>
        <include>Global_Background</include>      


        <control type="group">
            <visible>String.IsEqual(Container(13009).ListItem.Property(name),Shop)</visible>
            <include>Animation_FadeInOut</include>
            <include>ShopPage</include>
        </control>

        <control type="group">
            <visible>String.IsEqual(Container(13009).ListItem.Property(name),Search)</visible>
            <include>Animation_FadeInOut</include>
            <include>SearchPage</include>
        </control>

        <control type="group">
            <visible>String.IsEqual(Container(13009).ListItem.Property(name),Settings)</visible>
            <include>Animation_FadeInOut</include>
            <include>SettingsPage</include>
        </control>



        <control type="group"><!-- Filimo Logo -->
            <top>40</top>
            <height>50</height>
            <width>240</width>
            <align>right</align>
            <right>30</right>
            <control type="image">
                <aspectratio>keep</aspectratio>
                <texture>filimo-logo.png</texture>
            </control>
        </control>
        <include>HomeTopBar</include>
        


                <!-- Splash -->
        <control type="image" description="Background">
            <include>Dimensions_Fullscreen</include>
            <texture>common/Splash.jpg</texture>
            <visible>!String.IsEqual(Window(Home).Property(HomeTailInited),true)</visible>
            <animation effect="fade" start="100" end="0" delay="600" time="600" tween="quadratic">Hidden</animation>
        </control>
        <control type="group">
            <top>0</top>
            <include content="Defs_BusySpinner">
                <param name="label" value="$LOCALIZE[31349]..." />
            </include>
            <visible>!String.IsEqual(Window(Home).Property(HomeTailInited),true)</visible>
            <animation effect="fade" start="100" end="0" time="600" tween="quadratic">Hidden</animation>

        </control>
    </controls>
</window>
