<?xml version="1.0" encoding="utf-8"?>
<includes>
   <include name="HomePageTails">
      <control id="1900" type="group"/>
      <include content="HomeTailObject">
         <param name="nextgid" value="02"/>
         <param name="pregid" value="00"/>
         <param name="id" value="01"/>
         <param name="title" value="2020."/>
      </include>
      <include content="HomeTailObject">
         <param name="nextgid" value="03"/>
         <param name="pregid" value="01"/>
         <param name="id" value="02"/>
         <param name="title" value="تازه‌های فیلیمو"/>
      </include>
      <include content="HomeTailObject">
         <param name="nextgid" value="04"/>
         <param name="pregid" value="02"/>
         <param name="id" value="03"/>
         <param name="title" value="سریال‌های به روز شده"/>
      </include>
      <include content="HomeTailObject">
         <param name="nextgid" value="05"/>
         <param name="pregid" value="03"/>
         <param name="id" value="04"/>
         <param name="title" value="انیمیشن"/>
      </include>
      <include content="HomeTailObject">
         <param name="nextgid" value="06"/>
         <param name="pregid" value="04"/>
         <param name="id" value="05"/>
         <param name="title" value="2019."/>
      </include>
      <control id="1906" type="group"/>
   </include>
</includes>
