<?xml version="1.0" encoding="UTF-8" ?>
<includes>
    <include name="View_52_Showcase_Header">
        <param name="itemgap" default="10" />
        <definition>
            <control type="grouplist">
                <top>-15</top>
                <left>view_pad</left>
                <right>view_pad</right>
                <orientation>vertical</orientation>
                <itemgap>$PARAM[itemgap]</itemgap>
                <usecontrolcoords>true</usecontrolcoords>
                <control type="label">
                    <aligny>top</aligny>
                    <align>center</align>
                    <font>font_title</font>
                    <textcolor>main_fg_100</textcolor>
                    <label>$INFO[ListItem.Label,[B],[/B]]</label>
                    <height>80</height>
                </control>
                <control type="label">
                    <align>center</align>
                    <aligny>top</aligny>
                    <font>font_tiny</font>
                    <textcolor>main_fg_70</textcolor>
                    <label>$VAR[Label_SubTitle]</label>
                    <height>60</height>
                    <visible>!ListItem.IsCollection</visible>
                </control>
                <control type="label">
                    <align>center</align>
                    <aligny>top</aligny>
                    <font>font_tiny</font>
                    <textcolor>$VAR[ColorHighlight]</textcolor>
                    <label>$INFO[Window(Home).Property(SkinHelper.ListItem.Year),[COLOR=main_fg_100],[/COLOR]  |  ]$VAR[Label_Duration,[COLOR=main_fg_100],[/COLOR]  |  ]$VAR[Label_Sets_Count,[COLOR=main_fg_100],[/COLOR]]</label>
                    <height>60</height>
                    <visible>ListItem.IsCollection</visible>
                </control>
            </control>
        </definition>
    </include>

    <include name="View_52_Showcase_Plot">
        <param name="id" default="52" />
        <param name="plotheight" default="120" />
        <param name="ratings" default="true" />
        <param name="bottom" default="-15" />
        <definition>
            <control type="grouplist">
                <orientation>vertical</orientation>
                <bottom>$PARAM[bottom]</bottom>
                <align>bottom</align>
                <itemgap>50</itemgap>
                <usecontrolcoords>true</usecontrolcoords>
                <control type="textbox">
                    <left>view_pad</left>
                    <right>view_pad</right>
                    <label fallback="19055">$VAR[Label_Plot]</label>
                    <height>$PARAM[plotheight]</height>
                    <aligny>center</aligny>
                    <align>center</align>
                    <textcolor>main_fg_70</textcolor>
                    <font>font_plotbox</font>
                </control>
                <!-- <include content="Object_Icon_Ratings" condition="$PARAM[ratings]">
                    <param name="id" value="$PARAM[id]" />
                </include> -->
                <!-- Check if we're using SkinHelper or ListHelper -->
                <include content="Object_Icon_Ratings" condition="$PARAM[ratings] + !System.HasAddon(service.listitem.helper)">
                    <param name="id" value="$PARAM[id]" />
                </include>
                <include content="Object_Icon_Ratings" condition="$PARAM[ratings] + System.HasAddon(service.listitem.helper)">
                    <param name="id" value="$PARAM[id]" />
                    <param name="metacritic_prop" value="Window(Home).Property(ListItemHelper.rating.metacritic.percent)" />
                    <param name="imdb_prop" value="Window(home).Property(ListItemHelper.rating.imdb)" />
                    <param name="rt_prop" value="Window(Home).Property(ListItemHelper.rating.rottentomatoes.percent)" />
                    <param name="rt_audience_prop" value="Window(Home).Property(ListItemHelper.rating.rottentomatoes.audience)" />
                    <param name="oscar_prop" value="Window(Home).Property(ListItemHelper.awards)" />
                </include>
            </control>
            <!-- Advanced Emulator Launcher Specific Platform Icon -->
            <include>View_540_Platform_Icon</include>
        </definition>
    </include>

    <include name="View_522_Showcase_Seasons_Info_Filimo">
        <param name="seasons" default="true" />
        <param name="id" default="5229" />
        <definition>
            <control type="group">
                <include>View_FlipSides</include>
                <top>0</top>
                <width>761.44</width>
                <visible>$PARAM[visible]</visible>
                <!-- Poster -->
                <include content="View_50_Poster">
                    <param name="include" value="Animation_Right_Delay" />
                    <param name="visible" value="true" />
                    <param name="diffuse" value="diffuse/poster-big.png" />
                    <param name="right" value=50 />
                    <param name="need_reverse" value="false" />
                    <param name="icon" value="$INFO[ListItemAbsolute(0).Thumb]" />

                </include>
                        <control type="group">
                            <top>-15</top>
                            <align>right</align>
                            <right>700</right>
                            <width>1300</width><!-- mannnnn in male mane-->
                            <include>Animation_Left_Delay</include>
                            <control type="grouplist">
                                <orientation>vertical</orientation>
                                <usecontrolcoords>true</usecontrolcoords>
                                <itemgap>0</itemgap>


                                <include content="Object_Info_Title">
                                    <param name="label" value="$INFO[ListItemAbsolute(0).Label]"/>                                
                                </include>

                                <control type="grouplist">
                                    <height>40</height>
                                    <orientation>horizontal</orientation>
                                    <usecontrolcoords>true</usecontrolcoords>
                                    <itemgap>0</itemgap>
                                    <align>right</align>

                                    <include content="Object_Info_Line_Label">
                                        <param name="label" value="$INFO[ListItemAbsolute(0).Duration(h),, ساعت و ]$INFO[$PARAM[container]ListItem.Duration(mm),, دقیقه]" />
                                        <param name="textcolor" value="main_fg_100" />
                                        <param name="divider" value="false" />
                                        <param name="fallback" value="مشخصه ای وجود ندارد" />
                                        <!-- <param name="visible" value="!String.IsEqual($PARAM[container]ListItem.DBType,set) + !String.IsEqual($PARAM[container]ListItem.DBType,artist) + !String.IsEqual($PARAM[container]ListItem.DBType,album) + !String.IsEqual($PARAM[container]ListItem.DBType,song) + [!String.IsEqual($PARAM[container]ListItem.DBType,episode) | String.IsEmpty($PARAM[container]ListItem.Premiered)]" /> -->
                                    </include>
                                    <include content="Object_Info_Line_Label">
                                        <param name="label" value="$INFO[ListItemAbsolute(0).Mpaa]" />
                                        <param name="id" value="66122" />
                                        <param name="textcolor" value="main_fg_100" />
                                        <!-- <param name="visible" value="String.IsEqual($PARAM[container]ListItem.DBType,episode) + !String.IsEmpty($PARAM[container]ListItem.Premiered)" /> -->
                                    </include>

                                    <include content="Object_Info_Line_Label">
                                        <param name="id" value="66120" />
                                        <param name="label" value="$INFO[ListItemAbsolute(0).Genre]" />
                                        <param name="textcolor" value="main_fg_100" />
                                        <!-- <param name="visible" value="String.IsEqual($PARAM[container]ListItem.DBType,album)" /> -->
                                    </include>
                                    <include content="Object_Info_Line_Label">
                                        <param name="label" value="$INFO[ListItemAbsolute(0)Tagline]" />
                                        <param name="id" value="66121" />
                                        <param name="textcolor" value="main_fg_100" />
                                        <!-- <param name="visible" value="String.IsEqual($PARAM[container]ListItem.DBType,episode) + !String.IsEmpty($PARAM[container]ListItem.Premiered)" /> -->
                                    </include>
                                    <include content="Object_Info_Line_Label">
                                        <param name="label" value="$INFO[ListItemAbsolute(0).Studio]" />
                                        <param name="id" value="66104" />
                                        <param name="textcolor" value="main_fg_100" />
                                        <!-- <param name="visible" value="[String.IsEqual($PARAM[container]ListItem.DBType,movie) | String.IsEqual($PARAM[container]ListItem.DBType,episode)] + [!String.IsEmpty($PARAM[container]ListItem.Duration) + Integer.IsGreater($PARAM[container]ListItem.Duration(h),0)]" /> -->
                                    </include>
                                </control>


                                <include>Object_Info_Ratings</include>

                                <include content="Object_Info_Plot">
                                    <param name="maxheight" value="230"/>                                
                                    <param name="label" value="$INFO[ListItemAbsolute(0).Plot]"/>                                
                                </include>

                                <!-- <include condition="!Skin.HasSetting(EnableLanguages)">Object_Info_Languages</include> -->
                                <include >Object_Info_Details</include>
                                <include>Object_InfoSets_Details</include>
                            </control>

                            <!-- <include condition="!ListItem.IsCollection">Info_Button_Grouplist</include> -->
                            <control type="grouplist" id="300">
                                <defaultcontrol always="true">8376</defaultcontrol>
                                <align>right</align> <!--mannnnn avaz kardam -->
                                <onup>9601</onup>
                                <ondown>4100</ondown>
                                <include>Defs_ButtonList</include>

                                <include content="Object_Info_Button">
                                    <param name="id" value="8150" />
                                    <param name="groupid" value="8050" />
                                    <param name="label" value="Cast" />
                                    <param name="icon" value="special://skin/extras/icons/person.png" />
                                    <!-- <param name="visible" value="Control.IsEnabled(8150)" /> -->
                                    <onclick>Control.Move(501,+1)</onclick>
                                </include>


                                <include content="Object_Info_Button">
                                    <param name="id" value="11" />
                                    <param name="groupid" value="8011" />
                                    <param name="label" value="Trailer" />
                                    <param name="icon" value="special://skin/extras/icons/video.png" />
                                    <!-- <param name="visible" value="Control.IsEnabled(11) + !String.IsEmpty(ListItem.Trailer)" /> -->
                                    <onclick>PlayMedia($INFO[ListItemAbsolute(0).Trailer])</onclick>
                                </include>


                                <include content="Object_Info_Button">
                                    <param name="id" value="8376" />
                                    <param name="groupid" value="8008" />
                                    <param name="label" value="Play" />
                                    <param name="icon" value="special://skin/extras/icons/play3.png" />
                                    <param name="visible" value="true" />
                                    <onclick>PlayMedia($INFO[ListItemAbsolute(0).FileNameAndPath])</onclick>
                                </include>
                            </control>



                            <include condition="ListItem.IsCollection">Info_Button_300</include><!-- mannnn nmidoonam chie?!-->
                        </control>


            </control>
        </definition>
    </include>


    <include name="View_522_Showcase_Seasons_Info">
        <param name="seasons" default="true" />
        <param name="id" default="5229" />
        <definition>
            <control type="group">
                <include>View_FlipSides</include>
                <top>0</top>
                <width>761.44</width>
                <visible>$PARAM[visible]</visible>
                <include content="View_50_Poster">
                    <param name="height" value="441.435" />
                    <param name="width" value="761.44" />
                    <param name="icon" value="$PARAM[icon]" />
                    <param name="diffuse" value="diffuse/landscape-info.png" />
                    <param name="iconvisible" value="$PARAM[iconvisible]" />
                </include>
                <control type="image">
                    <top>0</top>
                    <right>50</right>
                    <width>200</width>
                    <height>390</height>
                    <texture background="true">$VAR[Image_ClearLogo]</texture>
                    <aspectratio align="right" aligny="bottom">keep</aspectratio>
                    <visible>[!String.IsEmpty(ListItem.Art(clearlogo)) | !String.IsEmpty(ListItem.Art(tvshow.clearlogo))] + [[String.IsEmpty(ListItem.Art(landscape)) + String.IsEmpty(ListItem.Art(tvshow.landscape))] | [[!String.IsEmpty(ListItem.Art(tvshow.landscape)) | !String.IsEmpty(ListItem.Art(landscape))] + !Skin.HasSetting(LandscapeArt)] | [!String.IsEmpty(ListItem.Art(thumb)) + [String.IsEqual(ListItem.DBType,episode) | String.IsEqual(ListItem.DBType,video)] + String.IsEmpty(ListItem.Property(airday))]]</visible>
                </control>
                <control type="group">
                    <include content="View_540_Platform_Icon">
                        <param name="top" value="440" />
                        <param name="right" value="30" />
                    </include>
                    <control type="grouplist">
                        <top>451.435</top>
                        <left>0</left>
                        <right>30</right>
                        <orientation>vertical</orientation>
                        <usecontrolcoords>true</usecontrolcoords>
                        <itemgap>0</itemgap>
                        <control type="label">
                            <font>font_title_small</font>
                            <textcolor>main_fg_100</textcolor>
                            <align>left</align>
                            <aligny>top</aligny>
                            <height>50</height>
                            <width>630</width>
                            <label>$PARAM[title]</label>
                        </control>
                        <include condition="$EXP[Exp_IsPluginAdvancedLauncher]" content="View_540_ROM_Details">
                        </include>
                        <include condition="$PARAM[seasons] + !$EXP[Exp_IsPluginAdvancedLauncher]" content="Object_Info_Line">
                            <param name="nextaired" value="false" />
                        </include>
                        <include condition="!$PARAM[seasons] + !$EXP[Exp_IsPluginAdvancedLauncher]" content="Object_Info_Line">
                            <param name="nextaired" value="false" />
                            <param name="label" value="$INFO[Container($PARAM[id]).ListItem.MPAA]" />
                            <param name="container" value="Container($PARAM[id])." />
                        </include>
                        <control type="textbox">
                            <top>25</top>
                            <font>font_plotbox</font>
                            <textcolor>main_fg_70</textcolor>
                            <align>left</align>
                            <aligny>top</aligny>
                            <height>200</height>
                            <label>$PARAM[plot]</label>
                        </control>
                    </control>
                </control>
            </control>
        </definition>
    </include>

    <include name="View_52_Showcase_Layout_Standard">
        <top>165</top>
        <right>-15</right>
        <left>-15</left>
        <preloaditems>2</preloaditems>
        <pagecontrol>62</pagecontrol>
    </include>

    <include name="View_52_Showcase_Layout">
        <focusposition>3</focusposition>
        <movement>3</movement>
        <animation effect="slide" end="-122.14" condition="Integer.IsEqual(Container.NumAllItems,6) | Integer.IsEqual(Container.NumAllItems,4) | Integer.IsEqual(Container.NumAllItems,2)">Conditional</animation>
        <include>View_52_Showcase_Layout_Standard</include>
    </include>

    <include name="View_520_Showcase_Layout">
        <focusposition>2</focusposition>
        <movement>2</movement>
        <include>View_52_Showcase_Layout_Standard</include>
    </include>

    <include name="View_521_Showcase_Layout">
        <focusposition>1</focusposition>
        <movement>1</movement>
        <include>View_52_Showcase_Layout_Standard</include>
    </include>

    <include name="View_52_Showcase_Aura_Layout">
        <focusposition>0</focusposition>
        <movement>6</movement>
        <bottom>-25</bottom>
        <right>-15</right>
        <left>-15</left>
        <preloaditems>2</preloaditems>
        <pagecontrol>62</pagecontrol>
    </include>

    <include name="View_52_Showcase_Aura_Info">
        <param name="plotheight" default="120" />
        <definition>
            <control type="grouplist">
                <top>-15</top>
                <orientation>vertical</orientation>
                <usecontrolcoords>true</usecontrolcoords>
                <itemgap>0</itemgap>
                <include content="Object_Info_Title">
                    <param name="font" value="$PARAM[font]" />
                    <param name="titleheight" value="$PARAM[titleheight]" />
                    <param name="label" value="$INFO[ListItem.Title]" />
                </include>
                <include>Object_Info_Line</include>
                <include>Object_Info_Ratings</include>
                <include content="Object_Info_Plot">
                    <param name="maxheight" value="$PARAM[plotheight]" />
                </include>
            </control>
        </definition>
    </include>

    <include name="View_520_Showcase_Aura_Info">
        <control type="grouplist">
            <orientation>vertical</orientation>
            <usecontrolcoords>true</usecontrolcoords>
            <itemgap>0</itemgap>
            <include>Object_Info_Title</include>
            <include>Object_Info_Line</include>
            <include content="Object_Info_Plot">
                <param name="maxheight" value="200" />
            </include>
        </control>
    </include>

    <include name="View_52_Showcase">
        <control type="group">
            <include>View_Group</include>
            <visible>Control.IsVisible(52)</visible>
            <include content="View_51_Wall_Container" condition="!Skin.HasSetting(UseAuraShowcase)">
                <param name="id" value="52" />
                <param name="height" value="item_row_height" />
                <param name="orientation" value="horizontal" />
                <param name="labelinclude" value="Defs_Null" />
                <param name="controltype" value="fixedlist" />
                <param name="controllayout" value="View_52_Showcase_Layout" />
                <param name="visible" value="Container.Content(sets) | Container.Content(seasons) | $EXP[Exp_IsPluginAdvancedLauncher]" />
                <param name="viewtype" value="$LOCALIZE[31040]" />
                <param name="viewtypename" value="wrap" />
                <param name="forced" value="true" />
                <include>View_Horizontal_Movement</include>
            </include>
            <include content="View_52_Showcase_Header" condition="!Skin.HasSetting(UseAuraShowcase)">
                <param name="id" value="52" />
            </include>
            <include content="View_52_Showcase_Plot" condition="!Skin.HasSetting(UseAuraShowcase)">
                <param name="id" value="52" />
            </include>

            <include content="View_51_Wall_Container" condition="Skin.HasSetting(UseAuraShowcase)">
                <param name="id" value="52" />
                <param name="height" value="item_cast_height" />
                <param name="orientation" value="horizontal" />
                <param name="labelinclude" value="Defs_Null" />
                <param name="controltype" value="fixedlist" />
                <param name="controllayout" value="View_52_Showcase_Aura_Layout" />
                <param name="visible" value="Container.Content(movies) | Container.Content(sets) | Container.Content(tvshows) | Container.Content(seasons)" />
                <param name="viewtype" value="$LOCALIZE[31040]" />
                <param name="viewtypename" value="wrap" />
                <param name="forced" value="true" />
                <include>View_Horizontal_Movement</include>
            </include>
            <include condition="Skin.HasSetting(UseAuraShowcase)">View_52_Showcase_Aura_Info</include>
        </control>
    </include>


    <include name="View_520_Showcase_Square">
        <control type="group">
            <include>View_Group</include>
            <visible>Control.IsVisible(520)</visible>
            <include content="View_51_Wall_Container" condition="!Skin.HasSetting(UseAuraShowcase)">
                <param name="id" value="520" />
                <param name="itemwidth" value="item_square_width" />
                <param name="height" value="item_row_height" />
                <param name="diffuse" value="diffuse/square-wall.png" />
                <param name="labelinclude" value="Defs_Null" />
                <param name="orientation" value="horizontal" />
                <param name="controltype" value="fixedlist" />
                <param name="controllayout" value="View_520_Showcase_Layout" />
                <param name="visible" value="Container.Content(artists) | Container.Content(albums) | $EXP[Exp_IsPluginAdvancedLauncher]" />
                <param name="viewtype" value="$LOCALIZE[31362]" />
                <param name="viewtypename" value="wrap" />
                <param name="forced" value="true" />
                <include>View_Horizontal_Movement</include>
            </include>
            <include content="View_52_Showcase_Header" condition="!Skin.HasSetting(UseAuraShowcase)">
                <param name="id" value="520" />
            </include>
            <include content="View_52_Showcase_Plot" condition="!Skin.HasSetting(UseAuraShowcase)">
                <param name="id" value="520" />
                <param name="ratings" value="false" />
                <param name="plotheight" value="200" />
                <param name="bottom" value="20" />
            </include>

            <include content="View_51_Wall_Container" condition="Skin.HasSetting(UseAuraShowcase)">
                <param name="id" value="520" />
                <param name="itemwidth" value="item_square_width" />
                <param name="height" value="item_row_height" />
                <param name="labelinclude" value="Defs_Null" />
                <param name="diffuse" value="diffuse/square-wall.png" />
                <param name="orientation" value="horizontal" />
                <param name="controltype" value="fixedlist" />
                <param name="controllayout" value="View_52_Showcase_Aura_Layout" />
                <param name="visible" value="Container.Content(artists) | Container.Content(albums) | Container.Content(addons) | $EXP[Exp_IsPluginAdvancedLauncher]" />
                <param name="viewtype" value="$LOCALIZE[31362]" />
                <param name="viewtypename" value="wrap" />
                <param name="forced" value="true" />
                <movement>4</movement>
                <include>View_Horizontal_Movement</include>
            </include>
            <include condition="Skin.HasSetting(UseAuraShowcase)">View_520_Showcase_Aura_Info</include>
        </control>
    </include>

    <include name="View_521_Showcase_Landscape">
        <control type="group">
            <include>View_Group</include>
            <visible>Control.IsVisible(521)</visible>
            <include content="View_51_Wall_Container" condition="!Skin.HasSetting(UseAuraShowcase)">
                <param name="id" value="521" />
                <param name="height" value="423.75" />
                <param name="labelinclude" value="Defs_Null" />
                <param name="orientation" value="horizontal" />
                <param name="controltype" value="fixedlist" />
                <param name="controllayout" value="View_521_Showcase_Layout" />
                <param name="diffuse" value="diffuse/landscape-wall.png" />
                <param name="itemwidth" value="item_landscape_width" />
                <param name="itemheight" value="423.75" />
                <param name="icon" value="$VAR[Image_Landscape]" />
                <param name="clearlogo" value="[!String.IsEmpty(ListItem.Art(clearlogo)) | !String.IsEmpty(ListItem.Art(tvshow.clearlogo))] + [[String.IsEmpty(ListItem.Art(landscape)) + String.IsEmpty(ListItem.Art(tvshow.landscape))] | [[!String.IsEmpty(ListItem.Art(tvshow.landscape)) | !String.IsEmpty(ListItem.Art(landscape))] + !Skin.HasSetting(LandscapeArt)] | [!String.IsEmpty(ListItem.Art(thumb)) + [String.IsEqual(ListItem.DBType,episode) | String.IsEqual(ListItem.DBType,video)] + String.IsEmpty(ListItem.Property(airday))]]" />
                <param name="iconheight" value="item_icon_height" />
                <param name="visible" value="Container.Content(sets) | $EXP[Exp_IsPluginAdvancedLauncher]" />
                <param name="viewtype" value="$LOCALIZE[31361]" />
                <param name="viewtypename" value="wrap" />
                <param name="forced" value="true" />
                <include>View_Horizontal_Movement</include>
            </include>
            <include content="View_52_Showcase_Header" condition="!Skin.HasSetting(UseAuraShowcase)">
                <param name="id" value="521" />
            </include>
            <include content="View_52_Showcase_Plot" condition="!Skin.HasSetting(UseAuraShowcase)">
                <param name="id" value="521" />
            </include>

            <include content="View_51_Wall_Container" condition="Skin.HasSetting(UseAuraShowcase)">
                <param name="id" value="521" />
                <param name="height" value="item_cast_height" />
                <param name="orientation" value="horizontal" />
                <param name="controltype" value="fixedlist" />
                <param name="controllayout" value="View_52_Showcase_Aura_Layout" />
                <param name="labelinclude" value="Defs_Null" />
                <param name="diffuse" value="diffuse/landscape-wall.png" />
                <param name="itemwidth" value="item_landscape_width" />
                <param name="itemheight" value="item_cast_height" />
                <param name="icon" value="$VAR[Image_Landscape]" />
                <param name="clearlogo" value="[!String.IsEmpty(ListItem.Art(clearlogo)) | !String.IsEmpty(ListItem.Art(tvshow.clearlogo))] + [[String.IsEmpty(ListItem.Art(landscape)) + String.IsEmpty(ListItem.Art(tvshow.landscape))] | [[!String.IsEmpty(ListItem.Art(tvshow.landscape)) | !String.IsEmpty(ListItem.Art(landscape))] + !Skin.HasSetting(LandscapeArt)] | [!String.IsEmpty(ListItem.Art(thumb)) + [String.IsEqual(ListItem.DBType,episode) | String.IsEqual(ListItem.DBType,video)] + String.IsEmpty(ListItem.Property(airday))]]" />
                <param name="iconheight" value="item_icon_height" />
                <param name="visible" value="Container.Content(movies) | Container.Content(sets) | Container.Content(tvshows) | Container.Content(videos) | $EXP[Exp_IsPluginAdvancedLauncher]" />
                <param name="viewtype" value="$LOCALIZE[31361]" />
                <param name="viewtypename" value="wrap" />
                <param name="forced" value="true" />
                <movement>2</movement>
                <include>View_Horizontal_Movement</include>
            </include>
            <include condition="Skin.HasSetting(UseAuraShowcase)">View_52_Showcase_Aura_Info</include>
        </control>
    </include>

    <include name="View_522_Showcase_Seasons">
        <control type="group">
            <include>View_Group</include>
            <visible>Control.IsVisible(522)</visible>

            <include content="View_51_Wall_Container">
                <param name="id" value="522" />
                <param name="height" value="item_row_height" />
                <param name="viewtype" value="$LOCALIZE[31427]" />
                <param name="viewtypename" value="biglist" />
                <param name="forced" value="true" />
                <param name="visible" value="Container.Content(seasons)" />
                <param name="orientation" value="horizontal" />
                <param name="controllayout" value="View_514_Wall_Info_Layout" />
                <width>1028.56</width>
                <onup>300</onup>
                <ondown condition="!Container(5229).IsUpdating">SetFocus(5229,0,absolute)</ondown>
                <onright>522</onright>
                <onleft>522</onleft>
            </include>

            <include content="View_522_Showcase_Seasons_Info">
                <param name="visible" value="!Control.HasFocus(5229)" />
                <param name="iconvisible" value="!String.IsEmpty(Container(522).ListItem.Art(fanart))" />
                <param name="icon" value="$VAR[Image_Landscape]" />
                <param name="title" value="$INFO[Container(522).ListItem.TvShowTitle]" />
                <param name="plot" value="$VAR[Label_Plot]" />
                <param name="seasons" value="true" />
            </include>

            <include content="View_522_Showcase_Seasons_Info">
                <param name="visible" value="Control.HasFocus(5229)" />
                <param name="iconvisible" value="true" />
                <param name="icon" value="$INFO[Container(5229).ListItem.Art(thumb)]" />
                <param name="title" value="$INFO[Container(5229).ListItem.Title]" />
                <param name="plot" value="$INFO[Container(5229).ListItem.Plot]" />
                <param name="seasons" value="false" />
            </include>

            <include content="View_50_List_Control">
                <param name="top" value="390" />
                <param name="height" value="390" />
                <param name="right" value="771.44" />
                <param name="id" value="5229" />
                <param name="forced" value="false" />
                <param name="visible" value="Control.IsVisible(522) + !Container(522).ListItem.IsParentFolder" />
                <param name="controllayout" value="Defs_Null" />
                <param name="controltype" value="fixedlist" />
                <param name="flipsides" value="Skin.HasSetting(FlipSide)" />
                <animation effect="fade" start="100" end="0" condition="Container(5229).IsUpdating">Conditional</animation>
                <movement>2</movement>
                <focusposition>2</focusposition>
                <onleft>SetFocus(5229,0,absolute)</onleft>
                <onleft>522</onleft>
                <onright>SetFocus(5229,0,absolute)</onright>
                <onright>522</onright>
                <onup>522</onup>
                <ondown>noop</ondown>
                <onback>SetFocus(5229,0,absolute)</onback>
                <onback>522</onback>
                <content target="videos" sortby="episode" sortorder="ascending">$INFO[Container(522).ListItem.FolderPath]</content>
            </include>
        </control>
    </include>

    <include name="View_524_Showcase_Seasons">
        <control type="group">
            <include>View_Group</include>
            <visible>Control.IsVisible(524)</visible>

            <control type="group">
                <right>761.44</right>
                <include content="View_51_Wall_Container">
                    <param name="id" value="524" />
                    <param name="height" value="view_height" />
                    <param name="viewtype" value="$LOCALIZE[31171]" />
                    <param name="viewtypename" value="biglist" />
                    <param name="forced" value="true" />
                    <param name="visible" value="Container.Content(seasons)" />
                    <param name="orientation" value="vertical" />
                    <param name="controltype" value="fixedlist" />
                    <param name="controllayout" value="View_514_Wall_Info_Layout" />
                    <width>item_poster_width</width>
                    <onleft>300</onleft>
                    <onright condition="!Container(5249).IsUpdating">SetFocus(5249,0,absolute)</onright>
                    <ondown>524</ondown>
                    <onunp>524</onunp>
                </include>
            </control>

            <include content="View_522_Showcase_Seasons_Info">
                <param name="visible" value="!Control.HasFocus(5249)" />
                <param name="iconvisible" value="!String.IsEmpty(Container(524).ListItem.Art(fanart))" />
                <param name="icon" value="$VAR[Image_Landscape]" />
                <param name="title" value="$INFO[Container(524).ListItem.TvShowTitle]" />
                <param name="plot" value="$VAR[Label_Plot]" />
                <param name="seasons" value="true" />
            </include>

            <include content="View_522_Showcase_Seasons_Info">
                <param name="visible" value="Control.HasFocus(5249)" />
                <param name="id" value="5249" />
                <param name="iconvisible" value="true" />
                <param name="icon" value="$INFO[Container(5249).ListItem.Art(thumb)]" />
                <param name="title" value="$INFO[Container(5249).ListItem.Title]" />
                <param name="plot" value="$INFO[Container(5249).ListItem.Plot]" />
                <param name="seasons" value="false" />
            </include>

            <control type="group">
                <left>item_poster_width</left>
                <include content="View_50_List_Control">
                    <param name="top" value="0" />
                    <param name="height" value="view_list_height" />
                    <param name="right" value="771.44" />
                    <param name="id" value="5249" />
                    <param name="forced" value="false" />
                    <param name="visible" value="Control.IsVisible(524) + !Container(524).ListItem.IsParentFolder" />
                    <param name="controllayout" value="Defs_Null" />
                    <param name="controltype" value="list" />
                    <param name="flipsides" value="Skin.HasSetting(FlipSide)" />
                    <animation effect="fade" start="100" end="0" condition="Container(5249).IsUpdating">Conditional</animation>
                    <pagecontrol>64</pagecontrol>
                    <movement>2</movement>
                    <focusposition>2</focusposition>
                    <onleft>SetFocus(5249,0,absolute)</onleft>
                    <onleft>524</onleft>
                    <onright>64</onright>

                    <onup>SetFocus(524)</onup>
                    <onup>Up</onup>
                    <onup>SetFocus(5249,0,absolute)</onup>

                    <ondown>SetFocus(524)</ondown>
                    <ondown>Down</ondown>
                    <ondown>SetFocus(5249,0,absolute)</ondown>

                    <onback>SetFocus(5249,0,absolute)</onback>
                    <onback>524</onback>
                    <content target="videos" sortby="episode" sortorder="ascending">$INFO[Container(524).ListItem.FolderPath]</content>
                </include>
                <control type="scrollbar" id="64">
                    <onback>5249</onback>
                    <centerright>-40</centerright>
                    <width>8</width>
                    <top>0</top>
                    <bottom>0</bottom>
                    <showonepage>false</showonepage>
                    <orientation>vertical</orientation>
                    <onleft>5249</onleft>
                    <texturesliderbackground colordiffuse="main_fg_12" border="4">common/white.png</texturesliderbackground>
                    <texturesliderbar colordiffuse="main_fg_30" border="4">scrollbar/scrollv.png</texturesliderbar>
                    <texturesliderbarfocus colordiffuse="main_fg_100" border="4">scrollbar/scrollv.png</texturesliderbarfocus>
                    <animation effect="fade" start="100" end="0" time="400" condition="!Control.HasFocus(64) + !Container.Scrolling">Conditional</animation>
                    <include>Animation_FadeIn</include>
                    <include>Animation_FadeOut</include>
                </control>
            </control>
        </control>
    </include>

    <include name="View_523_Showcase_Lovefilm_Item">
        <control type="group">
            <centerleft>50%</centerleft>
            <width>1760</width>
            <height>view_list_height</height>
            <include content="Object_Poster">
                <param name="icon" value="$VAR[Image_Fanart]" />
                <param name="aspectratio" value="scale" />
                <param name="diffuse" value="diffuse/lovefilm.png" />
                <param name="fadetime" value="0" />
                <param name="bordersize" value="0" />
            </include>
            <control type="image">
                <bottom>0</bottom>
                <height>300</height>
                <aspectratio scalediffuse="false">stretch</aspectratio>
                <texture diffuse="diffuse/lovefilm.png" colordiffuse="panel_bg">common/gradient-actor.png</texture>
            </control>
        </control>
    </include>

    <include name="View_523_Showcase_Lovefilm">
        <control type="group">
            <top>view_top</top>
            <include>Defs_InfoDialog_Visible</include>
            <include>Animation_Common</include>
            <visible>Control.IsVisible(523)</visible>
            <control type="group">
                <left>view_pad</left>
                <right>view_pad</right>
                <bottom>view_bottom</bottom>
                <control type="group">
                    <left>-15</left>
                    <right>-15</right>
                    <top>-15</top>
                    <bottom>-15</bottom>
                    <include content="Object_Geometric">
                        <param name="diffuse" value="diffuse/lovefilm.png" />
                    </include>
                    <include>Object_DefaultIcon</include>
                </control>
            </control>
            <control type="wraplist" id="523">
                <viewtype label="$LOCALIZE[31231]">bigwrap</viewtype>
                <include content="View_Forced">
                    <param name="string" value="$LOCALIZE[31231]" />
                </include>
                <visible>Container.Content(files)</visible>
                <onleft>523</onleft>
                <onright>523</onright>
                <onup>300</onup>
                <centerleft>50%</centerleft>
                <orientation>horizontal</orientation>
                <width>1760</width>
                <height>view_list_height</height>
                <itemlayout width="1760" height="view_list_height">
                    <include>View_523_Showcase_Lovefilm_Item</include>
                </itemlayout>
                <focusedlayout width="1760" height="view_list_height">
                    <include>View_523_Showcase_Lovefilm_Item</include>
                </focusedlayout>
            </control>
            <control type="group">
                <left>view_pad</left>
                <right>view_pad</right>
                <bottom>view_bottom</bottom>
                <control type="group">
                    <top>-15</top>
                    <right>-15</right>
                    <include>View_WatchedOverlay</include>
                </control>
                <control type="grouplist">
                    <right>40</right>
                    <orientation>vertical</orientation>
                    <align>bottom</align>
                    <height>160</height>
                    <bottom>32</bottom>
                    <left>40</left>
                    <include content="Object_Info_Title">
                        <param name="textcolor" value="panel_fg_100" />
                    </include>
                    <include content="Object_Info_Line">
                        <param name="textcolor" value="panel_fg_100" />
                    </include>
                </control>
            </control>
        </control>
    </include>

</includes>