
    <include content="HomeTailObject">
        <param name="id" value="01" />
        <param name="nextgid" value="02" />
        <param name="pregid" value="00" />
        <param name="title" value="2020." />
    </include>
        
    <include content="HomeTailObject">
        <param name="id" value="02" />
        <param name="nextgid" value="03" />
        <param name="pregid" value="01" />
        <param name="title" value="تازه‌های فیلیمو" />
    </include>
        
    <include content="HomeTailObject">
        <param name="id" value="03" />
        <param name="nextgid" value="04" />
        <param name="pregid" value="02" />
        <param name="title" value="سریال‌های به روز شده" />
    </include>
        
    <include content="HomeTailObject">
        <param name="id" value="04" />
        <param name="nextgid" value="05" />
        <param name="pregid" value="03" />
        <param name="title" value="انیمیشن" />
    </include>
        
    <include content="HomeTailObject">
        <param name="id" value="05" />
        <param name="nextgid" value="06" />
        <param name="pregid" value="04" />
        <param name="title" value="2019." />
    </include>
        
    <include content="HomeTailObject">
        <param name="id" value="06" />
        <param name="nextgid" value="07" />
        <param name="pregid" value="05" />
        <param name="title" value="دوزبانه" />
    </include>
        
    <include content="HomeTailObject">
        <param name="id" value="07" />
        <param name="nextgid" value="08" />
        <param name="pregid" value="06" />
        <param name="title" value="2018." />
    </include>
        
    <include content="HomeTailObject">
        <param name="id" value="08" />
        <param name="nextgid" value="09" />
        <param name="pregid" value="07" />
        <param name="title" value="دوبله اختصاصی" />
    </include>
        
    <include content="HomeTailObject">
        <param name="id" value="09" />
        <param name="nextgid" value="10" />
        <param name="pregid" value="08" />
        <param name="title" value="سریال‌های خارجی" />
    </include>
        
    <include content="HomeTailObject">
        <param name="id" value="06" />
        <param name="nextgid" value="07" />
        <param name="pregid" value="05" />
        <param name="title" value="دوزبانه" />
    </include>
        
    <include content="HomeTailObject">
        <param name="id" value="07" />
        <param name="nextgid" value="08" />
        <param name="pregid" value="06" />
        <param name="title" value="2018." />
    </include>
        
    <include content="HomeTailObject">
        <param name="id" value="08" />
        <param name="nextgid" value="09" />
        <param name="pregid" value="07" />
        <param name="title" value="دوبله اختصاصی" />
    </include>
        
    <include content="HomeTailObject">
        <param name="id" value="09" />
        <param name="nextgid" value="10" />
        <param name="pregid" value="08" />
        <param name="title" value="سریال‌های خارجی" />
    </include>
        
    <include content="HomeTailObject">
        <param name="id" value="06" />
        <param name="nextgid" value="07" />
        <param name="pregid" value="05" />
        <param name="title" value="دوزبانه" />
    </include>
        
    <include content="HomeTailObject">
        <param name="id" value="07" />
        <param name="nextgid" value="08" />
        <param name="pregid" value="06" />
        <param name="title" value="2018." />
    </include>
        
    <include content="HomeTailObject">
        <param name="id" value="08" />
        <param name="nextgid" value="09" />
        <param name="pregid" value="07" />
        <param name="title" value="دوبله اختصاصی" />
    </include>
        
    <include content="HomeTailObject">
        <param name="id" value="09" />
        <param name="nextgid" value="10" />
        <param name="pregid" value="08" />
        <param name="title" value="سریال‌های خارجی" />
    </include>
        