<?xml version="1.0" encoding="UTF-8" ?>
<includes>

    <include name="View_501_SingleMovie">
        <control type="group">
            <defaultcontrol always="true">19600</defaultcontrol>
            <visible>Control.IsVisible(501)</visible>
            <top>100</top>
            <height>920</height>

            <control type="button" id="1200">
                <width>1</width>
                <height>1</height>
                <onfocus>SetFocus(19600)</onfocus>
            </control>

            <control type="grouplist"> <!-- right poster and star -->
                <usecontrolcoords>true</usecontrolcoords>
                <right>65</right>
                <width>560</width>
                <top>60</top>
                <!-- Poster -->
                <control type="group">
                    <height>64</height>
                    <include content="Object_StarRating">
                        <param name="colordiffuse" value="filimo_rating" />
                        <param name="rating_prop" value="ListItemAbsolute(0).Rating" />
                        <width>250</width>
                        <centerleft>50%</centerleft>
                    </include>
                </control>

                <include content="View_50_Poster">
                    <param name="visible" value="true" />
                    <param name="diffuse" value="diffuse/poster-big.png" />
                    <param name="right" value="0" />
                    <param name="top" value="0" />
                    <param name="rvs" value="false" />
                    <param name="icon" value="$INFO[ListItemAbsolute(0).Thumb]" />
                </include>

            </control>

            



            <control type="grouplist">
                <right>700</right>
                <width>1180</width>
                <usecontrolcoords>true</usecontrolcoords>
                <orientation>vertical</orientation>


                <control type="group">
                    <height>565</height>
                    <control type="grouplist">
                        <orientation>vertical</orientation>
                        <itemgap>0</itemgap>
                        <usecontrolcoords>true</usecontrolcoords>
                        <include content="Object_Info_Title">
                            <param name="label" value="$INFO[ListItemAbsolute(0).Title]"/>    
                        </include>

                        <control type="group">
                            <height>50</height>
                            <align>right</align>    
                            <top>53</top>
                            <control type="label">
                            <align>right</align>
                                <aligny>top</aligny>
                                <label>$INFO[ListItemAbsolute(0).Tagline]</label>
                                <textcolor>main_fg_90</textcolor>  
                                <font>font_Topbar</font>  
                            </control>
                        </control>


                        <include content="Object_Info_Plot">
                            <param name="maxheight" value="150"/>                                
                            <param name="height" value="150"/>                                
                            <param name="label" value="$INFO[ListItemAbsolute(0).Plot]"/>
                            <textcolor>main_fg_90</textcolor>     
                            <top>15</top>                           
                        </include>

                        <control type="grouplist">
                            <itemgap>20</itemgap>
                            <height>130</height>
                            <control type="group">
                                <height>30</height>
                                <align>right</align> <!-- mannnnnnnn ezafe kardam-->
                                <right>0</right>
                                <top>10</top>
                                <control type="label">
                                    <right>0</right> <!-- mannnnnnn avaz kardam-->
                                    <width>148</width>
                                    <align>right</align><!-- mannnnnnn avaz kardam-->
                                    <aligny>top</aligny>
                                    <font>font_tiny_bold</font>
                                    <textcolor>main_fg_100</textcolor>
                                    <label>کارگردان</label>
                                    <height>30</height>
                                </control>
                                <control type="label">
                                    <right>126</right>
                                    <align>right</align><!-- mannnnnnn avaz kardam-->
                                    <aligny>top</aligny>
                                    <font>font_tiny</font>
                                    <textcolor>main_fg_90</textcolor>
                                    <label>$INFO[ListItemAbsolute(0).Director]</label>
                                    <height>30</height>
                                    <haspath>false</haspath>
                                </control>
                            </control>
                            
                            <control type="group">
                                <height>30</height>
                                <align>right</align> <!-- mannnnnnnn ezafe kardam-->
                                <right>0</right>
                                <top>20</top>
                                <control type="label">
                                    <right>0</right> <!-- mannnnnnn avaz kardam-->
                                    <width>148</width>
                                    <align>right</align><!-- mannnnnnn avaz kardam-->
                                    <aligny>top</aligny>
                                    <font>font_tiny_bold</font>
                                    <textcolor>main_fg_100</textcolor>
                                    <label>ژانــر</label>
                                    <height>30</height>
                                </control>
                                <control type="label">
                                    <right>126</right>
                                    <align>right</align><!-- mannnnnnn avaz kardam-->
                                    <aligny>top</aligny>
                                    <font>font_tiny</font>
                                    <textcolor>main_fg_90</textcolor>
                                    <label>$INFO[ListItemAbsolute(0).Genre]</label>
                                    <height>30</height>
                                    <haspath>false</haspath>
                                </control>
                            </control>
                        </control>


                        <control type="grouplist" id="19500">  
                            <top>50</top>
                            <right>0</right>
                            <orientation>horizontal</orientation>
                            <itemgap>30</itemgap>
                            <align>right</align>
                            <control type="button" id="19601">
                                <texturefocus colordiffuse="FFffb000">common/white.png</texturefocus>
                                <texturenofocus colordiffuse="a0261a00">common/white.png</texturenofocus>
                                <focusedcolor>FF332506</focusedcolor>
                                <textcolor>FFf4e6c8</textcolor>
                                <width>280</width>   
                                <height>70</height>
                                <font>font_btn_filimo</font>
                                <texture></texture> 
                                <label>همه قسمت ها</label>
                                <!-- <onclick>ActivateWindow(videos,plugin://plugin.video.filimo/?action=action_get_episode_of_uid_movie&amp;uid=$INFO[ListItemAbsolute(0).Property(movieuid)])</onclick> -->
                                <onclick>SetProperty(movieuid,$INFO[ListItemAbsolute(0).Property(movieuid)],1145)</onclick>
                                <onclick>ActivateWindow(1145)</onclick>
                                <ondown>SetFocus(17501)</ondown>
                                <visible>String.IsEqual(ListItemAbsolute(0).Property(IsSerial),true)</visible>
                            </control>
                            <control type="button" id="19600">
                                <texturefocus colordiffuse="FFffb000">common/white.png</texturefocus>
                                <texturenofocus colordiffuse="a0261a00">common/white.png</texturenofocus>
                                <focusedcolor>FF332506</focusedcolor>
                                <textcolor>FFf4e6c8</textcolor>
                                <width>280</width>
                                <height>70</height>
                                <font>font_btn_filimo</font>
                                <texture></texture> 
                                <label>تمــاشا فیــلم</label>
                                <ondown>SetFocus(17501)</ondown>
                                <!-- <onclick>XBMC.RunScript(plugin.video.filimo/action=action_play&amp;route=$INFO[ListItem.Property(route)])</onclick> -->
                                <onclick>Control.SetFocus(501,0,absolute)</onclick>
                                <onclick>Action(Select)</onclick>
                                <onclick>SetFocus(19600)</onclick>
                            </control>
                        </control>
                        

                    </control>
                </control>

                <control type="group">
                    <width>1050</width>
                    <height>350</height>
                    <right>0</right>
                    <control type="list" id="501">
                        <visible>Container.Content(Movies)</visible>
                        <animation effect="rotatey"  start="0" end="180" center="530,0" condition="true" >Conditional</animation>
                        <scrolltime tween="quadratic" easing="out">400</scrolltime>
                        <orientation>horizontal</orientation>
                        <!-- <top>100</top> -->
                        <height>item_cast_height</height>
                        <onfocus>SetFocus(17501)</onfocus>
                        <preloaditems>2</preloaditems>
                        <itemlayout width="item_poster_width_single_movie" height="item_row_height_single_movie">
                            <include content="View_51_Wall_Itemlayout">
                                <param name="selectbox" value="false" />
                                <param name="icon" value="$VAR[Image_Poster]" />
                                <param name="id" value="501" />
                                <param name="altid" value="17501" />
                                <param name="labelinclude" value="Defs_Null" />
                                <param name="rvs" value="true" />
                                <param name="focusbounce" value="true" />
                                <param name="iconheight" value="item_row_height_single_movie" />
                                
                            </include>
                        </itemlayout>
                        <focusedlayout width="item_poster_width_single_movie" height="item_row_height_single_movie">
                            <include content="View_51_Wall_Itemlayout">
                                <param name="selectbox" value="true" />
                                <param name="icon" value="$VAR[Image_Poster]" />
                                <param name="id" value="501" />
                                <param name="altid" value="17501" />
                                <param name="labelinclude" value="Defs_Null" />
                                <param name="rvs" value="true" />
                                <param name="focusbounce" value="true" />
                                <param name="iconheight" value="item_row_height_single_movie" />
                            </include>
                        </focusedlayout>
                    </control>
                    <control type="button" id="17501">
                        <visible>true</visible>
                        <texturefocus />
                        <texturenofocus />
                        <font />
                        <textcolor />
                        <onup>19600</onup>
                        <onclick>SetFocus(501)</onclick>
                        <onclick>Action(Select)</onclick>
                        <onclick>SetFocus(19600)</onclick>
                        <onright>SetFocus(501)</onright>
                        <onright>Left</onright>
                        <onleft>SetFocus(501)</onleft>
                        <onleft>Right</onleft>
                    </control>
                </control>

            </control>

            
        </control>
    </include>



</includes>
