<?xml version="1.0" encoding="utf-8"?>
<includes>
   <include name="BigSlider">
      <item id="1">
         <icon>https://www.filimo.com/public/public/filemanager/homeslider/4yk1t_desktop_1_v1.jpg</icon>
         <onclick>ActivateWindow(videos,plugin://plugin.video.filimo/?action=action_single_movie&amp;amp;route=4yk1t,return)</onclick>
         <label>شب های مافیا - فصل 3 قسمت 1</label>
         <property name="Director">سعید ابوطالب </property>
         <property name="Plot">مافیا نوعی مسابقه و سرگرمی دوستانه و خانوادگی است که در آن دو گروه مافیا و شهروند باید با آزمون و خطا یکدیگر را شناسایی کنند تا در نهایت بتوانند مافیا را از شهر بیرون کرده و شهروندان پیروز شوند. در برنامه «شب های مافیا» محمدرضا علیمردانی بازیگر و مجری کشورمان به عنوان لیدر یا برگزار کننده در بازی حضور دارد و در واقع فرمان بازی در دستان او قرار دارد. در این مسابقه بازیگران زیادی حضور دارند و روند مسابقه بدین شکل است که در هر فصل یک بازیگر 12 نفر از دوستان هنرمندش را برای بازی دعوت میکند و در نهایت با دو گروه 12 نفره مردان و یک گروه 12 نفره خانم های هنرمند این مسابقه آغاز میشود.</property>
         <property name="Genre">خانوادگی - اجتماعی </property>
         <property name="TagLine">یک ساعت و 57 دقیقه [COLOR=FFffb000] | [/COLOR] خانوادگی [COLOR=FFffb000] | [/COLOR] اجتماعی [COLOR=FFffb000] | [/COLOR] محصول ایران [COLOR=FFffb000] | [/COLOR] 1399 [COLOR=FFffb000] | [/COLOR] کیفیت HD</property>
      </item>
      <item id="2">
         <icon>https://www.filimo.com/public/public/filemanager/homeslider/zedbs_desktop_1_v3.jpg</icon>
         <onclick>ActivateWindow(videos,plugin://plugin.video.filimo/?action=action_single_movie&amp;amp;route=zedbs,return)</onclick>
         <label>ملکه گدایان  - فصل 1 قسمت 1</label>
         <property name="Director">حسین سهیلی زاده </property>
         <property name="Plot">امروزِ تو، می تونه فردای من باشه ... هیچکس از سرنوشت خبر نداره.... حتی شما...</property>
         <property name="Genre">خانوادگی - اجتماعی </property>
         <property name="TagLine">خانوادگی [COLOR=FFffb000] | [/COLOR] اجتماعی [COLOR=FFffb000] | [/COLOR] محصول ایران [COLOR=FFffb000] | [/COLOR] 1399 [COLOR=FFffb000] | [/COLOR] کیفیت HD</property>
      </item>
      <item id="4">
         <icon>https://www.filimo.com/public/public/filemanager/homeslider/21jnk_desktop_1_v1.jpg</icon>
         <onclick>ActivateWindow(videos,plugin://plugin.video.filimo/?action=action_single_movie&amp;amp;route=21jnk,return)</onclick>
         <label>ایپ من: استاد کونگ فو</label>
         <property name="Director">لیمینگ لی </property>
         <property name="Plot">«ایپ من: استاد کونگ فو»، جدیدترین فیلم از مجموعه فیلم های «ایپ من» در ژانر اکشن-رزمی و محصول سال 2019 سینمای کشور چین است.
داستان این فیلم درست در زمان خدمت ایپ من در نیروی پلیس فوشان به عنوان فرمانده و درگیری های او در 2 جبهه، هم با یک باند خلافکار کینه توز و هم با نیروهای متخاصم ژاپنی به وقوع می پیوندد.</property>
         <property name="Genre">اکشن - رزمی </property>
         <property name="TagLine">یک ساعت و 23 دقیقه [COLOR=FFffb000] | [/COLOR] اکشن [COLOR=FFffb000] | [/COLOR] رزمی [COLOR=FFffb000] | [/COLOR] محصول چین [COLOR=FFffb000] | [/COLOR] 2019 [COLOR=FFffb000] | [/COLOR] دوبله شده [COLOR=FFffb000] | [/COLOR] زیرنویس دارد [COLOR=FFffb000] | [/COLOR] کیفیت HD</property>
      </item>
      <item id="5">
         <icon>https://www.filimo.com/public/public/filemanager/homeslider/41065_desktop_1_v1.jpg</icon>
         <onclick>ActivateWindow(videos,plugin://plugin.video.filimo/?action=action_single_movie&amp;amp;route=41065,return)</onclick>
         <label>جناب قاضی - فصل 1 قسمت 4</label>
         <property name="Director">ادوارد برگر </property>
         <property name="Plot">با انتقال آدام از یک رابط خطرناک به دیگری، تنش ها بیشتر می شود. الیزابت برای محافظت از نوه اش وارد عمل می شود.</property>
         <property name="Genre">اکشن - پلیسی معمایی </property>
         <property name="TagLine">55 دقیقه [COLOR=FFffb000] | [/COLOR] اکشن [COLOR=FFffb000] | [/COLOR] پلیسی معمایی [COLOR=FFffb000] | [/COLOR] محصول آمریکا [COLOR=FFffb000] | [/COLOR] 2020 [COLOR=FFffb000] | [/COLOR] زیرنویس دارد [COLOR=FFffb000] | [/COLOR] کیفیت HD</property>
      </item>
      <item id="6">
         <icon>https://www.filimo.com/public/public/filemanager/homeslider/751pd_desktop_1_v1.jpg</icon>
         <onclick>ActivateWindow(videos,plugin://plugin.video.filimo/?action=action_single_movie&amp;amp;route=751pd,return)</onclick>
         <label>دزد شریف</label>
         <property name="Director">مارک ویلیامز </property>
         <property name="Plot">«دزد شریف»، فیلمی در ژانر اکشن-جنایی و درام و محصول سال 2020 سینمای آمریکاست.
داستان این فیلم درمورد یک سارق بانک معروف و البته بدنام است که تصمیم می گیرد خودش را به پلیس تحویل دهد و زندگی جدید و شرافتمندانه ای را آغاز نماید اما رویارویی او با دو مأمور اف بی آی همه چیز را تغییر می دهد.</property>
         <property name="Genre">اکشن - پلیسی معمایی </property>
         <property name="TagLine">یک ساعت و 34 دقیقه [COLOR=FFffb000] | [/COLOR] اکشن [COLOR=FFffb000] | [/COLOR] پلیسی معمایی [COLOR=FFffb000] | [/COLOR] محصول آمریکا [COLOR=FFffb000] | [/COLOR] 2020 [COLOR=FFffb000] | [/COLOR] زیرنویس دارد [COLOR=FFffb000] | [/COLOR] کیفیت HD</property>
      </item>
   </include>
   <include name="TailContent01">
      <item id="1">
         <icon>https://static.cdn.asset.filimo.com/flmt/mov_42317_313-m.jpg</icon>
         <onclick>ActivateWindow(videos,plugin://plugin.video.filimo/?action=action_single_movie&amp;amp;route=ahcvu,return)</onclick>
         <label>ساختن ویچر</label>
      </item>
      <item id="2">
         <icon>https://static.cdn.asset.filimo.com/flmt/mov_42217_887-m.jpg</icon>
         <onclick>ActivateWindow(videos,plugin://plugin.video.filimo/?action=action_single_movie&amp;amp;route=huz7t,return)</onclick>
         <label>در سودای آرزویت بران</label>
      </item>
      <item id="3">
         <icon>https://static.cdn.asset.filimo.com/flmt/mov_42507_282-m.jpg</icon>
         <onclick>ActivateWindow(videos,plugin://plugin.video.filimo/?action=action_single_movie&amp;amp;route=b6y8j,return)</onclick>
         <label>فراهوش</label>
      </item>
      <item id="4">
         <icon>https://static.cdn.asset.filimo.com/flmt/mov_42256_212-m.jpg</icon>
         <onclick>ActivateWindow(videos,plugin://plugin.video.filimo/?action=action_single_movie&amp;amp;route=tksyz,return)</onclick>
         <label>پادشاه دونات</label>
      </item>
      <item id="5">
         <icon>https://static.cdn.asset.filimo.com/flmt/mov_42940_483-m.jpg</icon>
         <onclick>ActivateWindow(videos,plugin://plugin.video.filimo/?action=action_single_movie&amp;amp;route=jkxs2,return)</onclick>
         <label>دوربین صخره ای دوری</label>
      </item>
      <item id="6">
         <icon>https://static.cdn.asset.filimo.com/flmt/mov_42703_591-m.jpg</icon>
         <onclick>ActivateWindow(videos,plugin://plugin.video.filimo/?action=action_single_movie&amp;amp;route=h5269,return)</onclick>
         <label>خویشاوند</label>
      </item>
      <item id="7">
         <icon>https://static.cdn.asset.filimo.com/flmt/mov_42733_148-m.jpg</icon>
         <onclick>ActivateWindow(videos,plugin://plugin.video.filimo/?action=action_single_movie&amp;amp;route=bk7xs,return)</onclick>
         <label>ستاره دار</label>
      </item>
      <item id="8">
         <icon>https://static.cdn.asset.filimo.com/flmt/mov_42505_991-m.jpg</icon>
         <onclick>ActivateWindow(videos,plugin://plugin.video.filimo/?action=action_single_movie&amp;amp;route=d1g74,return)</onclick>
         <label>ماجراجویی های میان کهکشانی مکس کلاود</label>
      </item>
      <item id="99">
         <icon>diffuse/moremovie.png</icon>
         <onclick>ActivateWindow(videos,plugin://plugin.video.filimo/?action=action_get_more_movie_plugin&amp;amp;tagid=2000546,return)</onclick>
         <label>فیلم های بیشتر</label>
      </item>
   </include>
   <include name="TailContent02">
      <item id="1">
         <icon>https://static.cdn.asset.filimo.com/flmt/mov_42073_858-m.jpg</icon>
         <onclick>ActivateWindow(videos,plugin://plugin.video.filimo/?action=action_single_movie&amp;amp;route=hxd2m,return)</onclick>
         <label>روبو</label>
      </item>
      <item id="2">
         <icon>https://static.cdn.asset.filimo.com/flmt/mov_42041_637-m.jpg</icon>
         <onclick>ActivateWindow(videos,plugin://plugin.video.filimo/?action=action_single_movie&amp;amp;route=kq25a,return)</onclick>
         <label>رخنه</label>
      </item>
      <item id="3">
         <icon>https://static.cdn.asset.filimo.com/flmt/mov_41250_413-m.jpg</icon>
         <onclick>ActivateWindow(videos,plugin://plugin.video.filimo/?action=action_single_movie&amp;amp;route=usr47,return)</onclick>
         <label>تایتانیک: 20 سال بعد به همراه جیمز کامرون</label>
      </item>
      <item id="4">
         <icon>https://static.cdn.asset.filimo.com/flmt/mov_38926_654-m.jpg</icon>
         <onclick>ActivateWindow(videos,plugin://plugin.video.filimo/?action=action_single_movie&amp;amp;route=nkzxw,return)</onclick>
         <label>جهش یافته های جدید</label>
      </item>
      <item id="5">
         <icon>https://static.cdn.asset.filimo.com/flmt/mov_41167_962-m.jpg</icon>
         <onclick>ActivateWindow(videos,plugin://plugin.video.filimo/?action=action_single_movie&amp;amp;route=50x3b,return)</onclick>
         <label>لوکسور</label>
      </item>
      <item id="6">
         <icon>https://static.cdn.asset.filimo.com/flmt/mov_41270_794-m.jpg</icon>
         <onclick>ActivateWindow(videos,plugin://plugin.video.filimo/?action=action_single_movie&amp;amp;route=wifl0,return)</onclick>
         <label>کیم جی یونگ: متولد 1982</label>
      </item>
      <item id="7">
         <icon>https://static.cdn.asset.filimo.com/flmt/mov_39774_689-m.jpg</icon>
         <onclick>ActivateWindow(videos,plugin://plugin.video.filimo/?action=action_single_movie&amp;amp;route=uh1ig,return)</onclick>
         <label>روستای مویه گر</label>
      </item>
      <item id="8">
         <icon>https://static.cdn.asset.filimo.com/flmt/mov_35278_531-m.jpg</icon>
         <onclick>ActivateWindow(videos,plugin://plugin.video.filimo/?action=action_single_movie&amp;amp;route=5enco,return)</onclick>
         <label>راهی برای فرار نیست</label>
      </item>
      <item id="99">
         <icon>diffuse/moremovie.png</icon>
         <onclick>ActivateWindow(videos,plugin://plugin.video.filimo/?action=action_get_more_movie_plugin&amp;amp;tagid=159,return)</onclick>
         <label>فیلم های بیشتر</label>
      </item>
   </include>
   <include name="TailContent03">
      <item id="1">
         <icon>https://static.cdn.asset.filimo.com/flmt/mov_41500_399-m.jpg</icon>
         <onclick>ActivateWindow(videos,plugin://plugin.video.filimo/?action=action_single_movie&amp;amp;route=9owr5,return)</onclick>
         <label>خوب، بد، جلف: رادیواکتیو - فصل 1 قسمت 1</label>
      </item>
      <item id="2">
         <icon>https://static.cdn.asset.filimo.com/flmt/mov_42679_202-m.jpg</icon>
         <onclick>ActivateWindow(videos,plugin://plugin.video.filimo/?action=action_single_movie&amp;amp;route=bm3pa,return)</onclick>
         <label>آقازاده - قسمت 28 (بیست و هشتم)</label>
      </item>
      <item id="3">
         <icon>https://static.cdn.asset.filimo.com/flmt/mov_42938_392-m.jpg</icon>
         <onclick>ActivateWindow(videos,plugin://plugin.video.filimo/?action=action_single_movie&amp;amp;route=haldx,return)</onclick>
         <label>عشق اجاره ای - فصل 1 قسمت 100</label>
      </item>
      <item id="4">
         <icon>https://static.cdn.asset.filimo.com/flmt/mov_42836_107-m.jpg</icon>
         <onclick>ActivateWindow(videos,plugin://plugin.video.filimo/?action=action_single_movie&amp;amp;route=c2zu6,return)</onclick>
         <label>ممیزی - فصل 2 قسمت 22: گروه بمرانی، به من بخند</label>
      </item>
      <item id="5">
         <icon>https://static.cdn.asset.filimo.com/flmt/mov_42809_918-m.jpg</icon>
         <onclick>ActivateWindow(videos,plugin://plugin.video.filimo/?action=action_single_movie&amp;amp;route=69eax,return)</onclick>
         <label>ستاره حلبی -  فصل 3 قسمت 2</label>
      </item>
      <item id="6">
         <icon>https://static.cdn.asset.filimo.com/flmt/mov_42516_186-m.jpg</icon>
         <onclick>ActivateWindow(videos,plugin://plugin.video.filimo/?action=action_single_movie&amp;amp;route=z5hkt,return)</onclick>
         <label>دیجیمون فیوژن - فصل 1 قسمت 23</label>
      </item>
      <item id="7">
         <icon>https://static.cdn.asset.filimo.com/flmt/mov_42476_161-m.jpg</icon>
         <onclick>ActivateWindow(videos,plugin://plugin.video.filimo/?action=action_single_movie&amp;amp;route=j12rx,return)</onclick>
         <label>آزمایشات پدر و پسری - فصل 1 قسمت 49</label>
      </item>
      <item id="8">
         <icon>https://static.cdn.asset.filimo.com/flmt/mov_42405_514-m.jpg</icon>
         <onclick>ActivateWindow(videos,plugin://plugin.video.filimo/?action=action_single_movie&amp;amp;route=6b27u,return)</onclick>
         <label>همسر خطرناک من - فصل 1 قسمت 10</label>
      </item>
      <item id="99">
         <icon>diffuse/moremovie.png</icon>
         <onclick>ActivateWindow(videos,plugin://plugin.video.filimo/?action=action_get_more_movie_plugin&amp;amp;tagid=590,return)</onclick>
         <label>فیلم های بیشتر</label>
      </item>
   </include>
   <include name="TailContent04">
      <item id="1">
         <icon>https://static.cdn.asset.filimo.com/flmt/mov_42940_483-m.jpg</icon>
         <onclick>ActivateWindow(videos,plugin://plugin.video.filimo/?action=action_single_movie&amp;amp;route=jkxs2,return)</onclick>
         <label>دوربین صخره ای دوری</label>
      </item>
      <item id="2">
         <icon>https://static.cdn.asset.filimo.com/flmt/mov_42559_630-m.jpg</icon>
         <onclick>ActivateWindow(videos,plugin://plugin.video.filimo/?action=action_single_movie&amp;amp;route=oe29g,return)</onclick>
         <label>حمله به تایتان - فصل 4 قسمت 2: قطار نیمه شب</label>
      </item>
      <item id="3">
         <icon>https://static.cdn.asset.filimo.com/flmt/mov_42536_299-m.jpg</icon>
         <onclick>ActivateWindow(videos,plugin://plugin.video.filimo/?action=action_single_movie&amp;amp;route=iwto4,return)</onclick>
         <label>ابر هیولاها: کلاس جدید</label>
      </item>
      <item id="4">
         <icon>https://static.cdn.asset.filimo.com/flmt/mov_42386_981-m.jpg</icon>
         <onclick>ActivateWindow(videos,plugin://plugin.video.filimo/?action=action_single_movie&amp;amp;route=hb05z,return)</onclick>
         <label>دیرین دیرین - فصل 1 قسمت 18: وی پیشگیر</label>
      </item>
      <item id="5">
         <icon>https://static.cdn.asset.filimo.com/flmt/mov_42296_204-m.jpg</icon>
         <onclick>ActivateWindow(videos,plugin://plugin.video.filimo/?action=action_single_movie&amp;amp;route=ezdh5,return)</onclick>
         <label>اژدها سواران: نجات تعطیلات هاتسگلر</label>
      </item>
      <item id="6">
         <icon>https://static.cdn.asset.filimo.com/flmt/mov_42095_411-m.jpg</icon>
         <onclick>ActivateWindow(videos,plugin://plugin.video.filimo/?action=action_single_movie&amp;amp;route=hjw3g,return)</onclick>
         <label>غارنشینان: عصر جدید</label>
      </item>
      <item id="7">
         <icon>https://static.cdn.asset.filimo.com/flmt/mov_42048_575-m.jpg</icon>
         <onclick>ActivateWindow(videos,plugin://plugin.video.filimo/?action=action_single_movie&amp;amp;route=7srkz,return)</onclick>
         <label>ماداگاسکار: کمی وحشی - فصل 1 قسمت 7</label>
      </item>
      <item id="8">
         <icon>https://static.cdn.asset.filimo.com/flmt/mov_42030_452-m.jpg</icon>
         <onclick>ActivateWindow(videos,plugin://plugin.video.filimo/?action=action_single_movie&amp;amp;route=9fro8,return)</onclick>
         <label>قطارهای تندرو: کریسمس شگفت انگیز</label>
      </item>
      <item id="99">
         <icon>diffuse/moremovie.png</icon>
         <onclick>ActivateWindow(videos,plugin://plugin.video.filimo/?action=action_get_more_movie_plugin&amp;amp;tagid=1000031,return)</onclick>
         <label>فیلم های بیشتر</label>
      </item>
   </include>
   <include name="TailContent05">
      <item id="1">
         <icon>https://static.cdn.asset.filimo.com/flmt/mov_42061_867-m.jpg</icon>
         <onclick>ActivateWindow(videos,plugin://plugin.video.filimo/?action=action_single_movie&amp;amp;route=ivt0d,return)</onclick>
         <label>اتحاد مافیا</label>
      </item>
      <item id="2">
         <icon>https://static.cdn.asset.filimo.com/flmt/mov_42313_415-m.jpg</icon>
         <onclick>ActivateWindow(videos,plugin://plugin.video.filimo/?action=action_single_movie&amp;amp;route=l3tfk,return)</onclick>
         <label>راکس</label>
      </item>
      <item id="3">
         <icon>https://static.cdn.asset.filimo.com/flmt/mov_42291_156-m.jpg</icon>
         <onclick>ActivateWindow(videos,plugin://plugin.video.filimo/?action=action_single_movie&amp;amp;route=jm5a9,return)</onclick>
         <label>قراردادها</label>
      </item>
      <item id="4">
         <icon>https://static.cdn.asset.filimo.com/flmt/mov_42073_858-m.jpg</icon>
         <onclick>ActivateWindow(videos,plugin://plugin.video.filimo/?action=action_single_movie&amp;amp;route=hxd2m,return)</onclick>
         <label>روبو</label>
      </item>
      <item id="5">
         <icon>https://static.cdn.asset.filimo.com/flmt/mov_42551_822-m.jpg</icon>
         <onclick>ActivateWindow(videos,plugin://plugin.video.filimo/?action=action_single_movie&amp;amp;route=1bmht,return)</onclick>
         <label>ماجراهای دالی و اسپنکی</label>
      </item>
      <item id="6">
         <icon>https://static.cdn.asset.filimo.com/flmt/mov_41767_488-m.jpg</icon>
         <onclick>ActivateWindow(videos,plugin://plugin.video.filimo/?action=action_single_movie&amp;amp;route=v9378,return)</onclick>
         <label>هر چه بیشتر حفر کنی</label>
      </item>
      <item id="7">
         <icon>https://static.cdn.asset.filimo.com/flmt/mov_41006_423-m.jpg</icon>
         <onclick>ActivateWindow(videos,plugin://plugin.video.filimo/?action=action_single_movie&amp;amp;route=tw4oc,return)</onclick>
         <label>فراری ها</label>
      </item>
      <item id="8">
         <icon>https://static.cdn.asset.filimo.com/flmt/mov_42033_724-m.jpg</icon>
         <onclick>ActivateWindow(videos,plugin://plugin.video.filimo/?action=action_single_movie&amp;amp;route=tjsmc,return)</onclick>
         <label>راهب افسانه ای</label>
      </item>
      <item id="99">
         <icon>diffuse/moremovie.png</icon>
         <onclick>ActivateWindow(videos,plugin://plugin.video.filimo/?action=action_get_more_movie_plugin&amp;amp;tagid=2000144,return)</onclick>
         <label>فیلم های بیشتر</label>
      </item>
   </include>
</includes>
