<?xml version="1.0" encoding="UTF-8" ?>
<includes>
    <include name="SettingsPage">
            <!-- <control type="group" id="15300">
                <control type="grouplist">
                    <usecontrolcoords>true</usecontrolcoords>
                    <orientation>horizontal</orientation>
                    <align>center</align>
                    <itemgap>20</itemgap>
                    <control type="button" id="15310">
                        <onup>SetFocus(13009)</onup>
                        <ondown>SetFocus(13009)</ondown>
                        <texturenofocus border="10" colordiffuse="587d7d7d">diffuse/box.png</texturenofocus>
                        <texturefocus border="10" colordiffuse="fffec23b">diffuse/box.png</texturefocus>
                        <width>500</width>
                        <height>300</height>
                        <centertop>50%</centertop>
                        <label>خروج از حساب</label>
                        <textcolor>FFF7F7F7</textcolor>
                        <focusedcolor>FF30250c</focusedcolor>
                    </control>
                    <control type="button" id="15311">
                        <onup>SetFocus(13009)</onup>
                        <ondown>SetFocus(13009)</ondown>
                        <texturenofocus border="10" colordiffuse="587d7d7d">diffuse/box.png</texturenofocus>
                        <texturefocus border="10" colordiffuse="fffec23b">diffuse/box.png</texturefocus>
                        <width>500</width>
                        <height>300</height>
                        <centertop>50%</centertop>
                        <label>تنظیمات پیشرفته</label>
                        <onclick>ActivateWindow(Settings)</onclick>
                        <textcolor>FFF7F7F7</textcolor>
                        <focusedcolor>FF30250c</focusedcolor>
                    </control>
                </control>
            </control> -->
        <include content="View_Settings">
            <param name="animation" value="Animation_Common" />
            <param name="hideonwindowopen" value="false" />
        </include>            

    </include>
</includes>
