<?xml version="1.0" encoding="UTF-8"?>
<includes>
    <include name="View_53_Poster">
        <control type="group">
            <visible>Control.IsVisible(53)</visible>
            <include>Defs_InfoDialog_Visible</include>
            <include>Animation_Common</include>
            <control type="group">

                <control type="group">
                    <height>52</height>
                    <visible>Integer.IsGreater(Container(53).NumItems,0) | Container(53).IsUpdating</visible>
                    <control type="button" id="5178">
                        <texturefocus />
                        <texturenofocus />
                        <font />
                        <textcolor />
                        <!-- <include>View_Horizontal_Movement</include> -->

                        <onclick>SetProperty(NowStart,1)</onclick>
                        <onclick>SetFocus(53)</onclick>
                        <onclick>Action(Select)</onclick>
                        <onclick>SetFocus(5178)</onclick>

                    <!-- <onclick>SetProperty(route,$INFO[ListItem.Property(route)],10025)</onclick> 
                    <onclick>ActivateWindow(1142)</onclick>  -->

                        <onleft>SetFocus(53)</onleft>
                        <onleft>Right</onleft>
                        <onright>SetFocus(53)</onright>
                        <onright>Left</onright>
                        <onup>SetFocus(300)</onup>
                        <ondown>697</ondown>
                    </control>
                </control>

                <include content="View_540_Platform_Icon">
                    <param name="top" value="690" />
                    <param name="right" value="80" />
                </include>

                <control type="grouplist">
                    <visible>!ListItem.IsParentFolder</visible>
                    <right>620</right> <!-- mannnnn avaz kardam -->
                    <top>690</top>
                    <right>view_pad</right>
                    <orientation>vertical</orientation>
                    <usecontrolcoords>true</usecontrolcoords>
                    <itemgap>0</itemgap>
                    <control type="label">
                        <label>$VAR[Label_List_Title]</label>
                        <height>80</height>
                        <aligny>top</aligny>
                        <textcolor>main_fg_100</textcolor>
                        <font>font_title</font>
                        <align>right</align>
                    </control>

                    <include condition="!$EXP[Exp_IsPluginAdvancedLauncher]">Object_Info_Line</include>
                    <include condition="$EXP[Exp_IsPluginAdvancedLauncher]">View_540_ROM_Details</include>
                    <control type="textbox">
                        <top>20</top>
                        <label fallback="19055">$VAR[Label_Plot]</label>
                        <height>120</height>
                        <aligny>top</aligny>
                        <textcolor>main_fg_70</textcolor>
                        <font>font_plotbox</font>
                        <right>0</right>
                        <align>right</align>
                        <width>90%</width>
                    </control>
                </control>
            </control>

            <control type="fixedlist" id="53">
                <animation effect="rotatey"  start="0" end="180" center="960,0" condition="true" >Conditional</animation> 
                <left>-450</left>
                <width>2650</width>
                <focusposition>2</focusposition>
                <preloaditems>0</preloaditems>
                <include>View_Horizontal_Movement</include>
                <orientation>horizontal</orientation>
                <pagecontrol>62</pagecontrol>
                <scrolltime tween="quadratic">400</scrolltime>
                <visible>Container.Content(tvshows)</visible>
                <viewtype label="$LOCALIZE[31262]">bigicon</viewtype>
                <include content="View_Forced">
                    <param name="string" value="$LOCALIZE[31262]" />
                </include>
                <!-- <onfocus condition="!Container(53).OnPrevious | Control.HasFocus(53)">SetFocus(5178)</onfocus>
                <onfocus condition="!Container(53).OnNext | Control.HasFocus(53)">SetFocus(5178)</onfocus> -->
                <onfocus>SetFocus(5178)</onfocus>
                <itemlayout width="337">
                    <control type="group">
                        <top>view_top</top>
                        <width>view_poster_width</width>
                        <height>view_poster_height</height>
                        <centerleft>0%</centerleft>
                        <include content="View_50_Poster">
                            <param name="left" value="0" />
                            <param name="height" value="486" />
                            <param name="width" value="336" />
                            <param name="need_reverse" value="true" />
                            <param name="reverse_center" value="168" />
                            <param name="diffuse" value="diffuse/poster-big.png" />
                            <param name="fadetime" value="0" />
                        </include>
                        <control type="group">
                            <top>-15</top>
                            <right>-14</right>
                            <include>View_WatchedOverlay</include>
                        </control>
                    </control>
                </itemlayout>
                <focusedlayout width="337">
                    <left>100</left>
                    <control type="group">
                        <!-- <animation effect="zoom" end="155" delay="100" time="260" tween="sine"  easing="out" center="110,260" condition="!Control.HasFocus(5178)">Conditional</animation> -->
                        <!-- <animation effect="zoom" end="155" delay="100" time="260" tween="sine"  easing="out" center="110,260"  >UnFocus</animation> -->
                        <animation effect="zoom"  reversible="false" start="100" end="155" delay="0" time="260" tween="sine"  easing="out" center="110,260" condition="Control.HasFocus(5178)">UnFocus</animation>
                        <!-- <animation effect="zoom" start="100" end="155" delay="0" time="260" tween="sine"  easing="out" center="110,260">Focus</animation> -->
                        <top>view_top</top>
                        <width>view_poster_width</width>
                        <height>view_poster_height</height>
                        <centerleft>0%</centerleft>
                        <include content="View_50_Poster">
                            <param name="left" value="0" />
                            <param name="height" value="486" />
                            <param name="width" value="336" />
                            <param name="need_reverse" value="true" />
                            <param name="reverse_center" value="168" />
                            <param name="diffuse" value="diffuse/poster-big.png" />
                            <param name="fadetime" value="0" />
                        </include>
                        <control type="group">
                            <top>-15</top>
                            <right>-14</right>
                            <include>View_WatchedOverlay_Focus</include>
                        </control>
                    </control>
                </focusedlayout>
            </control>
            <!-- <control type="image">
                <texture colordiffuse="bfffffff">common/white.png</texture>
                <width>40</width>
                <right>380</right>
            </control> -->
        </control>
    </include>
</includes>

