<?xml version="1.0" encoding="UTF-8" ?>
<includes>
<variable name="kc1">
    <value condition="String.IsEqual(Window(Home).Property(Lang),en)">Q</value>
    <value condition="String.IsEqual(Window(Home).Property(Lang),fa)">ض</value>
</variable>
<variable name="kc2">
    <value condition="String.IsEqual(Window(Home).Property(Lang),en)">W</value>
    <value condition="String.IsEqual(Window(Home).Property(Lang),fa)">ص</value>
</variable>
<variable name="kc3">
    <value condition="String.IsEqual(Window(Home).Property(Lang),en)">E</value>
    <value condition="String.IsEqual(Window(Home).Property(Lang),fa)">ث</value>
</variable>
<variable name="kc4">
    <value condition="String.IsEqual(Window(Home).Property(Lang),en)">R</value>
    <value condition="String.IsEqual(Window(Home).Property(Lang),fa)">ق</value>
</variable>
<variable name="kc5">
    <value condition="String.IsEqual(Window(Home).Property(Lang),en)">T</value>
    <value condition="String.IsEqual(Window(Home).Property(Lang),fa)">ف</value>
</variable>
<variable name="kc6">
    <value condition="String.IsEqual(Window(Home).Property(Lang),en)">Y</value>
    <value condition="String.IsEqual(Window(Home).Property(Lang),fa)">غ</value>
</variable>
<variable name="kc7">
    <value condition="String.IsEqual(Window(Home).Property(Lang),en)">U</value>
    <value condition="String.IsEqual(Window(Home).Property(Lang),fa)">ع</value>
</variable>
<variable name="kc8">
    <value condition="String.IsEqual(Window(Home).Property(Lang),en)">I</value>
    <value condition="String.IsEqual(Window(Home).Property(Lang),fa)">ه</value>
</variable>
<variable name="kc9">
    <value condition="String.IsEqual(Window(Home).Property(Lang),en)">O</value>
    <value condition="String.IsEqual(Window(Home).Property(Lang),fa)">خ</value>
</variable>
<variable name="kc10">
    <value condition="String.IsEqual(Window(Home).Property(Lang),en)">P</value>
    <value condition="String.IsEqual(Window(Home).Property(Lang),fa)">ح</value>
</variable>
<variable name="kc11">
    <!-- <value condition="String.IsEqual(Window(Home).Property(Lang),en)">[</value> -->
    <value condition="String.IsEqual(Window(Home).Property(Lang),fa)">ج</value>
</variable>
<variable name="kc12">
    <!-- <value condition="String.IsEqual(Window(Home).Property(Lang),en)">]</value> -->
    <value condition="String.IsEqual(Window(Home).Property(Lang),fa)">چ</value>
</variable>
<variable name="kc13">
    <value condition="String.IsEqual(Window(Home).Property(Lang),en)">A</value>
    <value condition="String.IsEqual(Window(Home).Property(Lang),fa)">ش</value>
</variable>
<variable name="kc14">
    <value condition="String.IsEqual(Window(Home).Property(Lang),en)">S</value>
    <value condition="String.IsEqual(Window(Home).Property(Lang),fa)">س</value>
</variable>
<variable name="kc15">
    <value condition="String.IsEqual(Window(Home).Property(Lang),en)">D</value>
    <value condition="String.IsEqual(Window(Home).Property(Lang),fa)">ی</value>
</variable>
<variable name="kc16">
    <value condition="String.IsEqual(Window(Home).Property(Lang),en)">F</value>
    <value condition="String.IsEqual(Window(Home).Property(Lang),fa)">ب</value>
</variable>
<variable name="kc17">
    <value condition="String.IsEqual(Window(Home).Property(Lang),en)">G</value>
    <value condition="String.IsEqual(Window(Home).Property(Lang),fa)">ل</value>
</variable>
<variable name="kc18">
    <value condition="String.IsEqual(Window(Home).Property(Lang),en)">H</value>
    <value condition="String.IsEqual(Window(Home).Property(Lang),fa)">ا</value>
</variable>
<variable name="kc19">
    <value condition="String.IsEqual(Window(Home).Property(Lang),en)">J</value>
    <value condition="String.IsEqual(Window(Home).Property(Lang),fa)">ت</value>
</variable>
<variable name="kc20">
    <value condition="String.IsEqual(Window(Home).Property(Lang),en)">K</value>
    <value condition="String.IsEqual(Window(Home).Property(Lang),fa)">ن</value>
</variable>
<variable name="kc21">
    <value condition="String.IsEqual(Window(Home).Property(Lang),en)">L</value>
    <value condition="String.IsEqual(Window(Home).Property(Lang),fa)">م</value>
</variable>
<variable name="kc22">
    <!-- <value condition="String.IsEqual(Window(Home).Property(Lang),en)">;</value> -->
    <value condition="String.IsEqual(Window(Home).Property(Lang),fa)">ک</value>
</variable>
<variable name="kc23">
    <!-- <value condition="String.IsEqual(Window(Home).Property(Lang),en)">'</value> -->
    <value condition="String.IsEqual(Window(Home).Property(Lang),fa)">گ</value>
</variable>
<variable name="kc24">
    <value condition="String.IsEqual(Window(Home).Property(Lang),en)">Z</value>
    <value condition="String.IsEqual(Window(Home).Property(Lang),fa)">ظ</value>
</variable>
<variable name="kc25">
    <value condition="String.IsEqual(Window(Home).Property(Lang),en)">X</value>
    <value condition="String.IsEqual(Window(Home).Property(Lang),fa)">ط</value>
</variable>
<variable name="kc26">
    <value condition="String.IsEqual(Window(Home).Property(Lang),en)">C</value>
    <value condition="String.IsEqual(Window(Home).Property(Lang),fa)">ز</value>
</variable>
<variable name="kc27">
    <value condition="String.IsEqual(Window(Home).Property(Lang),en)">V</value>
    <value condition="String.IsEqual(Window(Home).Property(Lang),fa)">ر</value>
</variable>
<variable name="kc28">
    <value condition="String.IsEqual(Window(Home).Property(Lang),en)">B</value>
    <value condition="String.IsEqual(Window(Home).Property(Lang),fa)">ذ</value>
</variable>
<variable name="kc29">
    <value condition="String.IsEqual(Window(Home).Property(Lang),en)">N</value>
    <value condition="String.IsEqual(Window(Home).Property(Lang),fa)">د</value>
</variable>
<variable name="kc30">
    <value condition="String.IsEqual(Window(Home).Property(Lang),en)">M</value>
    <value condition="String.IsEqual(Window(Home).Property(Lang),fa)">ئ</value>
</variable>
<variable name="kc31">
    <!-- <value condition="String.IsEqual(Window(Home).Property(Lang),en)">,</value> -->
    <value condition="String.IsEqual(Window(Home).Property(Lang),fa)">و</value>
</variable>
</includes>