<?xml version="1.0" encoding="UTF-8" ?>
<includes>

    <include name="View_502_Episodes">
        <control type="group">
            <visible>Control.IsVisible(502)</visible>

            <control type="button" id="1200">
                <width>1</width>
                <height>1</height>
                <onfocus>SetFocus(502)</onfocus>
            </control>

            <top>110</top>
            <left>60</left>
            <right>60</right>
            <height>85%</height>


            <control type="list" id="502">
                <visible>Container.Content(episodes)</visible>
                <scrolltime tween="quadratic">400</scrolltime>
                <right>35%</right>
                <left>40</left>
                <top>30</top>
                <height>view_list_height</height>
                <itemlayout height="item_list_height">
                    <include content="Episodes_Page_Itemlayout">
                        <param name="itemheight" value="item_list_height" />
                    </include>
                </itemlayout>
                <focusedlayout height="item_list_height">
                    <include content="Episodes_Page_Itemlayout">
                        <param name="fgcolor" value="fffec23b" />
                        <param name="bgcolor" value="main_fg_100" />
                        <param name="panelcolor" value="main_fg_100" />
                        <param name="selectbox" value="true" />
                        <param name="itemheight" value="item_list_height" />
                    </include>
                </focusedlayout>
            </control>
            
            <include content="View_50_Poster">
                <param name="visible" value="true" />
                <param name="diffuse" value="diffuse/poster-big.png" />
                <param name="right" value="20" />
                <param name="top" value="30" />
                <param name="rvs" value="false" />
                <param name="icon" value="$INFO[ListItem.Thumb]" />
                <param name="fadetime" value="200" />
            </include>


        </control>
    </include>



</includes>
