
    <include name="TailContent700">
    
            <item id="1">
                <label>شب های مافیا - فصل 3 قسمت 1</label>
                <icon>https://www.filimo.com/public/public/filemanager/homeslider/4yk1t_desktop_1_v1.jpg</icon>
                <onclick>ActivateWindow(videos,plugin://plugin.video.filimo/?action=actionSingleMovie&amp;route=4yk1t,return)</onclick>
                <property name="Plot">مافیا نوعی مسابقه و سرگرمی دوستانه و خانوادگی است که در آن دو گروه مافیا و شهروند باید با آزمون و خطا یکدیگر را شناسایی کنند تا در نهایت بتوانند مافیا را از شهر بیرون کرده و شهروندان پیروز شوند. در برنامه «شب های مافیا» محمدرضا علیمردانی بازیگر و مجری کشورمان به عنوان لیدر یا برگزار کننده در بازی حضور دارد و در واقع فرمان بازی در دستان او قرار دارد. در این مسابقه بازیگران زیادی حضور دارند و روند مسابقه بدین شکل است که در هر فصل یک بازیگر 12 نفر از دوستان هنرمندش را برای بازی دعوت میکند و در نهایت با دو گروه 12 نفره مردان و یک گروه 12 نفره خانم های هنرمند این مسابقه آغاز میشود.</property>
                <property name="TagLine">یک ساعت و 57 دقیقه [COLOR=FFffb000] | [/COLOR] خانوادگی [COLOR=FFffb000] | [/COLOR] اجتماعی [COLOR=FFffb000] | [/COLOR] محصول ایران [COLOR=FFffb000] | [/COLOR] 1399 [COLOR=FFffb000] | [/COLOR] کیفیت HD</property>            
                <property name="Director">سعید ابوطالب </property>            
                <property name="Genre">خانوادگی - اجتماعی </property>            
            </item>
            
            <item id="2">
                <label>ملکه گدایان  - فصل 1 قسمت 1</label>
                <icon>https://www.filimo.com/public/public/filemanager/homeslider/zedbs_desktop_1_v3.jpg</icon>
                <onclick>ActivateWindow(videos,plugin://plugin.video.filimo/?action=actionSingleMovie&amp;route=zedbs,return)</onclick>
                <property name="Plot">امروزِ تو، می تونه فردای من باشه ... هیچکس از سرنوشت خبر نداره.... حتی شما...</property>
                <property name="TagLine">خانوادگی [COLOR=FFffb000] | [/COLOR] اجتماعی [COLOR=FFffb000] | [/COLOR] محصول ایران [COLOR=FFffb000] | [/COLOR] 1399 [COLOR=FFffb000] | [/COLOR] کیفیت HD</property>            
                <property name="Director">حسین سهیلی زاده </property>            
                <property name="Genre">خانوادگی - اجتماعی </property>            
            </item>
            
            <item id="4">
                <label>آقازاده - قسمت 27 (بیست و هفتم): پوچ</label>
                <icon>https://www.filimo.com/public/public/filemanager/homeslider/83txn_desktop_1_v1.jpg</icon>
                <onclick>ActivateWindow(videos,plugin://plugin.video.filimo/?action=actionSingleMovie&amp;route=83txn,return)</onclick>
                <property name="Plot">رابطه  نیما و حامد در زندان کم کم شکل متفاوتی به خود می گیرد؛ نیما نمی خواهد قربانی بزرگ بازی حاج حسن باشد.</property>
                <property name="TagLine">57 دقیقه [COLOR=FFffb000] | [/COLOR] خانوادگی [COLOR=FFffb000] | [/COLOR] اجتماعی [COLOR=FFffb000] | [/COLOR] محصول ایران [COLOR=FFffb000] | [/COLOR] 1399 [COLOR=FFffb000] | [/COLOR] کیفیت HD</property>            
                <property name="Director">بهرنگ توفیقی </property>            
                <property name="Genre">خانوادگی - اجتماعی </property>            
            </item>
            
            <item id="5">
                <label>خوب، بد، جلف: رادیواکتیو - فصل 1 قسمت 1</label>
                <icon>https://www.filimo.com/public/public/filemanager/homeslider/41499_desktop_1_v1.jpg</icon>
                <onclick>ActivateWindow(videos,plugin://plugin.video.filimo/?action=actionSingleMovie&amp;route=41499,return)</onclick>
                <property name="Plot">داستان این سریال که دنباله داستان فیلم سینمایی «خوب، بد، جلف 2: ارتش سری» است، روایت گر ماجراجویی های پژمان و سام پس از دزدیده شدن توسط چچن ها می باشد.</property>
                <property name="TagLine">کمدی [COLOR=FFffb000] | [/COLOR] اکشن [COLOR=FFffb000] | [/COLOR] محصول ایران [COLOR=FFffb000] | [/COLOR] 1399 [COLOR=FFffb000] | [/COLOR] کیفیت HD</property>            
                <property name="Director">پیمان قاسم خانی - محسن چگینی </property>            
                <property name="Genre">کمدی - اکشن </property>            
            </item>
            
            <item id="6">
                <label>جناب قاضی - فصل 1 قسمت 4</label>
                <icon>https://www.filimo.com/public/public/filemanager/homeslider/41065_desktop_1_v1.jpg</icon>
                <onclick>ActivateWindow(videos,plugin://plugin.video.filimo/?action=actionSingleMovie&amp;route=41065,return)</onclick>
                <property name="Plot">با انتقال آدام از یک رابط خطرناک به دیگری، تنش ها بیشتر می شود. الیزابت برای محافظت از نوه اش وارد عمل می شود.</property>
                <property name="TagLine">55 دقیقه [COLOR=FFffb000] | [/COLOR] اکشن [COLOR=FFffb000] | [/COLOR] پلیسی معمایی [COLOR=FFffb000] | [/COLOR] محصول آمریکا [COLOR=FFffb000] | [/COLOR] 2020 [COLOR=FFffb000] | [/COLOR] زیرنویس دارد [COLOR=FFffb000] | [/COLOR] کیفیت HD</property>            
                <property name="Director">ادوارد برگر </property>            
                <property name="Genre">اکشن - پلیسی معمایی </property>            
            </item>
              </include>
    <include name="TailContent01">
    
        <item id="1">
            <label>پادشاه دونات</label>
            <icon>https://static.cdn.asset.filimo.com/flmt/mov_42256_212-m.jpg</icon>
            <onclick>ActivateWindow(videos,plugin://plugin.video.filimo/?action=actionSingleMovie&amp;route=tksyz,return)</onclick>
        </item>
        
        <item id="2">
            <label>ساختن ویچر</label>
            <icon>https://static.cdn.asset.filimo.com/flmt/mov_42317_313-m.jpg</icon>
            <onclick>ActivateWindow(videos,plugin://plugin.video.filimo/?action=actionSingleMovie&amp;route=ahcvu,return)</onclick>
        </item>
        
        <item id="3">
            <label>فراهوش</label>
            <icon>https://static.cdn.asset.filimo.com/flmt/mov_42507_282-m.jpg</icon>
            <onclick>ActivateWindow(videos,plugin://plugin.video.filimo/?action=actionSingleMovie&amp;route=b6y8j,return)</onclick>
        </item>
        
        <item id="4">
            <label>ستاره دار</label>
            <icon>https://static.cdn.asset.filimo.com/flmt/mov_42733_148-m.jpg</icon>
            <onclick>ActivateWindow(videos,plugin://plugin.video.filimo/?action=actionSingleMovie&amp;route=bk7xs,return)</onclick>
        </item>
        
        <item id="5">
            <label>مرد درون جنگل</label>
            <icon>https://static.cdn.asset.filimo.com/flmt/mov_42312_273-m.jpg</icon>
            <onclick>ActivateWindow(videos,plugin://plugin.video.filimo/?action=actionSingleMovie&amp;route=vdhrs,return)</onclick>
        </item>
        
        <item id="6">
            <label>در سودای آرزویت بران</label>
            <icon>https://static.cdn.asset.filimo.com/flmt/mov_42217_887-m.jpg</icon>
            <onclick>ActivateWindow(videos,plugin://plugin.video.filimo/?action=actionSingleMovie&amp;route=huz7t,return)</onclick>
        </item>
        
        <item id="7">
            <label>خویشاوند</label>
            <icon>https://static.cdn.asset.filimo.com/flmt/mov_42703_591-m.jpg</icon>
            <onclick>ActivateWindow(videos,plugin://plugin.video.filimo/?action=actionSingleMovie&amp;route=h5269,return)</onclick>
        </item>
        
        <item id="8">
            <label>ماجراجویی های میان کهکشانی مکس کلاود</label>
            <icon>https://static.cdn.asset.filimo.com/flmt/mov_42505_991-m.jpg</icon>
            <onclick>ActivateWindow(videos,plugin://plugin.video.filimo/?action=actionSingleMovie&amp;route=d1g74,return)</onclick>
        </item>
        
        <item id="99">
            <label>فیلم های بیشتر</label>
            <icon>diffuse/moremovie.png</icon>
            <onclick>ActivateWindow(videos,plugin://plugin.video.filimo/?action=getMoreMovie&amp;tagid=2000546,return)</onclick>
        </item>
          </include>
    <include name="TailContent02">
    
        <item id="1">
            <label>روبو</label>
            <icon>https://static.cdn.asset.filimo.com/flmt/mov_42073_858-m.jpg</icon>
            <onclick>ActivateWindow(videos,plugin://plugin.video.filimo/?action=actionSingleMovie&amp;route=hxd2m,return)</onclick>
        </item>
        
        <item id="2">
            <label>رخنه</label>
            <icon>https://static.cdn.asset.filimo.com/flmt/mov_42041_637-m.jpg</icon>
            <onclick>ActivateWindow(videos,plugin://plugin.video.filimo/?action=actionSingleMovie&amp;route=kq25a,return)</onclick>
        </item>
        
        <item id="3">
            <label>تایتانیک: 20 سال بعد به همراه جیمز کامرون</label>
            <icon>https://static.cdn.asset.filimo.com/flmt/mov_41250_413-m.jpg</icon>
            <onclick>ActivateWindow(videos,plugin://plugin.video.filimo/?action=actionSingleMovie&amp;route=usr47,return)</onclick>
        </item>
        
        <item id="4">
            <label>جهش یافته های جدید</label>
            <icon>https://static.cdn.asset.filimo.com/flmt/mov_38926_654-m.jpg</icon>
            <onclick>ActivateWindow(videos,plugin://plugin.video.filimo/?action=actionSingleMovie&amp;route=nkzxw,return)</onclick>
        </item>
        
        <item id="5">
            <label>لوکسور</label>
            <icon>https://static.cdn.asset.filimo.com/flmt/mov_41167_962-m.jpg</icon>
            <onclick>ActivateWindow(videos,plugin://plugin.video.filimo/?action=actionSingleMovie&amp;route=50x3b,return)</onclick>
        </item>
        
        <item id="6">
            <label>کیم جی یونگ: متولد 1982</label>
            <icon>https://static.cdn.asset.filimo.com/flmt/mov_41270_794-m.jpg</icon>
            <onclick>ActivateWindow(videos,plugin://plugin.video.filimo/?action=actionSingleMovie&amp;route=wifl0,return)</onclick>
        </item>
        
        <item id="7">
            <label>روستای مویه گر</label>
            <icon>https://static.cdn.asset.filimo.com/flmt/mov_39774_689-m.jpg</icon>
            <onclick>ActivateWindow(videos,plugin://plugin.video.filimo/?action=actionSingleMovie&amp;route=uh1ig,return)</onclick>
        </item>
        
        <item id="8">
            <label>راهی برای فرار نیست</label>
            <icon>https://static.cdn.asset.filimo.com/flmt/mov_35278_531-m.jpg</icon>
            <onclick>ActivateWindow(videos,plugin://plugin.video.filimo/?action=actionSingleMovie&amp;route=5enco,return)</onclick>
        </item>
        
        <item id="99">
            <label>فیلم های بیشتر</label>
            <icon>diffuse/moremovie.png</icon>
            <onclick>ActivateWindow(videos,plugin://plugin.video.filimo/?action=getMoreMovie&amp;tagid=159,return)</onclick>
        </item>
          </include>
    <include name="TailContent03">
    
        <item id="1">
            <label>خوب، بد، جلف: رادیواکتیو - فصل 1 قسمت 1</label>
            <icon>https://static.cdn.asset.filimo.com/flmt/mov_41500_399-m.jpg</icon>
            <onclick>ActivateWindow(videos,plugin://plugin.video.filimo/?action=actionSingleMovie&amp;route=9owr5,return)</onclick>
        </item>
        
        <item id="2">
            <label>آقازاده - قسمت 28 (بیست و هشتم)</label>
            <icon>https://static.cdn.asset.filimo.com/flmt/mov_42679_202-m.jpg</icon>
            <onclick>ActivateWindow(videos,plugin://plugin.video.filimo/?action=actionSingleMovie&amp;route=bm3pa,return)</onclick>
        </item>
        
        <item id="3">
            <label>عشق اجاره ای - فصل 1 قسمت 100</label>
            <icon>https://static.cdn.asset.filimo.com/flmt/mov_42938_392-m.jpg</icon>
            <onclick>ActivateWindow(videos,plugin://plugin.video.filimo/?action=actionSingleMovie&amp;route=haldx,return)</onclick>
        </item>
        
        <item id="4">
            <label>ممیزی - فصل 2 قسمت 22: گروه بمرانی، به من بخند</label>
            <icon>https://static.cdn.asset.filimo.com/flmt/mov_42836_107-m.jpg</icon>
            <onclick>ActivateWindow(videos,plugin://plugin.video.filimo/?action=actionSingleMovie&amp;route=c2zu6,return)</onclick>
        </item>
        
        <item id="5">
            <label>قیام عثمان - فصل 1 قسمت 44</label>
            <icon>https://static.cdn.asset.filimo.com/flmt/mov_42912_567-m.jpg</icon>
            <onclick>ActivateWindow(videos,plugin://plugin.video.filimo/?action=actionSingleMovie&amp;route=g068l,return)</onclick>
        </item>
        
        <item id="6">
            <label>رامو - فصل 1 قسمت 8</label>
            <icon>https://static.cdn.asset.filimo.com/flmt/mov_42863_482-m.jpg</icon>
            <onclick>ActivateWindow(videos,plugin://plugin.video.filimo/?action=actionSingleMovie&amp;route=58iu0,return)</onclick>
        </item>
        
        <item id="7">
            <label>تصادف - فصل ۱ قسمت 28</label>
            <icon>https://static.cdn.asset.filimo.com/flmt/mov_42861_791-m.jpg</icon>
            <onclick>ActivateWindow(videos,plugin://plugin.video.filimo/?action=actionSingleMovie&amp;route=bv49r,return)</onclick>
        </item>
        
        <item id="8">
            <label>جناب قاضی - فصل 1 قسمت 4</label>
            <icon>https://static.cdn.asset.filimo.com/flmt/mov_42839_699-m.jpg</icon>
            <onclick>ActivateWindow(videos,plugin://plugin.video.filimo/?action=actionSingleMovie&amp;route=5g4qe,return)</onclick>
        </item>
        
        <item id="99">
            <label>فیلم های بیشتر</label>
            <icon>diffuse/moremovie.png</icon>
            <onclick>ActivateWindow(videos,plugin://plugin.video.filimo/?action=getMoreMovie&amp;tagid=590,return)</onclick>
        </item>
          </include>
    <include name="TailContent04">
    
        <item id="1">
            <label>حمله به تایتان - فصل 4 قسمت 2: قطار نیمه شب</label>
            <icon>https://static.cdn.asset.filimo.com/flmt/mov_42559_630-m.jpg</icon>
            <onclick>ActivateWindow(videos,plugin://plugin.video.filimo/?action=actionSingleMovie&amp;route=oe29g,return)</onclick>
        </item>
        
        <item id="2">
            <label>ابر هیولاها: کلاس جدید</label>
            <icon>https://static.cdn.asset.filimo.com/flmt/mov_42536_299-m.jpg</icon>
            <onclick>ActivateWindow(videos,plugin://plugin.video.filimo/?action=actionSingleMovie&amp;route=iwto4,return)</onclick>
        </item>
        
        <item id="3">
            <label>دیرین دیرین - فصل 1 قسمت 18: وی پیشگیر</label>
            <icon>https://static.cdn.asset.filimo.com/flmt/mov_42386_981-m.jpg</icon>
            <onclick>ActivateWindow(videos,plugin://plugin.video.filimo/?action=actionSingleMovie&amp;route=hb05z,return)</onclick>
        </item>
        
        <item id="4">
            <label>اژدها سواران: نجات تعطیلات هاتسگلر</label>
            <icon>https://static.cdn.asset.filimo.com/flmt/mov_42296_204-m.jpg</icon>
            <onclick>ActivateWindow(videos,plugin://plugin.video.filimo/?action=actionSingleMovie&amp;route=ezdh5,return)</onclick>
        </item>
        
        <item id="5">
            <label>غارنشینان: عصر جدید</label>
            <icon>https://static.cdn.asset.filimo.com/flmt/mov_42095_411-m.jpg</icon>
            <onclick>ActivateWindow(videos,plugin://plugin.video.filimo/?action=actionSingleMovie&amp;route=hjw3g,return)</onclick>
        </item>
        
        <item id="6">
            <label>ماداگاسکار: کمی وحشی - فصل 1 قسمت 7</label>
            <icon>https://static.cdn.asset.filimo.com/flmt/mov_42048_575-m.jpg</icon>
            <onclick>ActivateWindow(videos,plugin://plugin.video.filimo/?action=actionSingleMovie&amp;route=7srkz,return)</onclick>
        </item>
        
        <item id="7">
            <label>قطارهای تندرو: کریسمس شگفت انگیز</label>
            <icon>https://static.cdn.asset.filimo.com/flmt/mov_42030_452-m.jpg</icon>
            <onclick>ActivateWindow(videos,plugin://plugin.video.filimo/?action=actionSingleMovie&amp;route=9fro8,return)</onclick>
        </item>
        
        <item id="8">
            <label>آرچ جادویی</label>
            <icon>https://static.cdn.asset.filimo.com/flmt/mov_41825_511-m.jpg</icon>
            <onclick>ActivateWindow(videos,plugin://plugin.video.filimo/?action=actionSingleMovie&amp;route=2xqyl,return)</onclick>
        </item>
        
        <item id="99">
            <label>فیلم های بیشتر</label>
            <icon>diffuse/moremovie.png</icon>
            <onclick>ActivateWindow(videos,plugin://plugin.video.filimo/?action=getMoreMovie&amp;tagid=1000031,return)</onclick>
        </item>
          </include>
    <include name="TailContent05">
    
        <item id="1">
            <label>اتحاد مافیا</label>
            <icon>https://static.cdn.asset.filimo.com/flmt/mov_42061_867-m.jpg</icon>
            <onclick>ActivateWindow(videos,plugin://plugin.video.filimo/?action=actionSingleMovie&amp;route=ivt0d,return)</onclick>
        </item>
        
        <item id="2">
            <label>راکس</label>
            <icon>https://static.cdn.asset.filimo.com/flmt/mov_42313_415-m.jpg</icon>
            <onclick>ActivateWindow(videos,plugin://plugin.video.filimo/?action=actionSingleMovie&amp;route=l3tfk,return)</onclick>
        </item>
        
        <item id="3">
            <label>قراردادها</label>
            <icon>https://static.cdn.asset.filimo.com/flmt/mov_42291_156-m.jpg</icon>
            <onclick>ActivateWindow(videos,plugin://plugin.video.filimo/?action=actionSingleMovie&amp;route=jm5a9,return)</onclick>
        </item>
        
        <item id="4">
            <label>روبو</label>
            <icon>https://static.cdn.asset.filimo.com/flmt/mov_42073_858-m.jpg</icon>
            <onclick>ActivateWindow(videos,plugin://plugin.video.filimo/?action=actionSingleMovie&amp;route=hxd2m,return)</onclick>
        </item>
        
        <item id="5">
            <label>ماجراهای دالی و اسپنکی</label>
            <icon>https://static.cdn.asset.filimo.com/flmt/mov_42551_822-m.jpg</icon>
            <onclick>ActivateWindow(videos,plugin://plugin.video.filimo/?action=actionSingleMovie&amp;route=1bmht,return)</onclick>
        </item>
        
        <item id="6">
            <label>هر چه بیشتر حفر کنی</label>
            <icon>https://static.cdn.asset.filimo.com/flmt/mov_41767_488-m.jpg</icon>
            <onclick>ActivateWindow(videos,plugin://plugin.video.filimo/?action=actionSingleMovie&amp;route=v9378,return)</onclick>
        </item>
        
        <item id="7">
            <label>فراری ها</label>
            <icon>https://static.cdn.asset.filimo.com/flmt/mov_41006_423-m.jpg</icon>
            <onclick>ActivateWindow(videos,plugin://plugin.video.filimo/?action=actionSingleMovie&amp;route=tw4oc,return)</onclick>
        </item>
        
        <item id="8">
            <label>راهب افسانه ای</label>
            <icon>https://static.cdn.asset.filimo.com/flmt/mov_42033_724-m.jpg</icon>
            <onclick>ActivateWindow(videos,plugin://plugin.video.filimo/?action=actionSingleMovie&amp;route=tjsmc,return)</onclick>
        </item>
        
        <item id="99">
            <label>فیلم های بیشتر</label>
            <icon>diffuse/moremovie.png</icon>
            <onclick>ActivateWindow(videos,plugin://plugin.video.filimo/?action=getMoreMovie&amp;tagid=2000144,return)</onclick>
        </item>
          </include>
    <include name="TailContent06">
    
        <item id="1">
            <label>کاپون</label>
            <icon>https://static.cdn.asset.filimo.com/flmt/mov_30509_843-m.jpg</icon>
            <onclick>ActivateWindow(videos,plugin://plugin.video.filimo/?action=actionSingleMovie&amp;route=h75PX,return)</onclick>
        </item>
        
        <item id="2">
            <label>رادیواکتیو</label>
            <icon>https://static.cdn.asset.filimo.com/flmt/mov_30324_789-m.jpg</icon>
            <onclick>ActivateWindow(videos,plugin://plugin.video.filimo/?action=actionSingleMovie&amp;route=Wch3I,return)</onclick>
        </item>
        
        <item id="3">
            <label>اسکوب</label>
            <icon>https://static.cdn.asset.filimo.com/flmt/mov_30744_357-m.jpg</icon>
            <onclick>ActivateWindow(videos,plugin://plugin.video.filimo/?action=actionSingleMovie&amp;route=JSVAQ,return)</onclick>
        </item>
        
        <item id="4">
            <label>کلاشنیکف</label>
            <icon>https://static.cdn.asset.filimo.com/flmt/mov_30148_685-m.jpg</icon>
            <onclick>ActivateWindow(videos,plugin://plugin.video.filimo/?action=actionSingleMovie&amp;route=Q75Bf,return)</onclick>
        </item>
        
        <item id="5">
            <label>تور جهانی ترول ها</label>
            <icon>https://static.cdn.asset.filimo.com/flmt/mov_28416_1-m.jpg</icon>
            <onclick>ActivateWindow(videos,plugin://plugin.video.filimo/?action=actionSingleMovie&amp;route=cb5GC,return)</onclick>
        </item>
        
        <item id="6">
            <label>بخش ریتم</label>
            <icon>https://static.cdn.asset.filimo.com/flmt/mov_28220_1-m.jpg</icon>
            <onclick>ActivateWindow(videos,plugin://plugin.video.filimo/?action=actionSingleMovie&amp;route=zTjN3,return)</onclick>
        </item>
        
        <item id="7">
            <label>بنیان گذار</label>
            <icon>https://static.cdn.asset.filimo.com/flmt/mov_30332_551-m.jpg</icon>
            <onclick>ActivateWindow(videos,plugin://plugin.video.filimo/?action=actionSingleMovie&amp;route=IEr9b,return)</onclick>
        </item>
        
        <item id="8">
            <label>سفر به چین: راز نقاب آهنین</label>
            <icon>https://static.cdn.asset.filimo.com/flmt/mov_29653_927-m.jpg</icon>
            <onclick>ActivateWindow(videos,plugin://plugin.video.filimo/?action=actionSingleMovie&amp;route=B8Toj,return)</onclick>
        </item>
        
        <item id="99">
            <label>فیلم های بیشتر</label>
            <icon>diffuse/moremovie.png</icon>
            <onclick>ActivateWindow(videos,plugin://plugin.video.filimo/?action=getMoreMovie&amp;tagid=2000326,return)</onclick>
        </item>
          </include>
    <include name="TailContent07">
    
        <item id="1">
            <label>سیلاب های پر برکت: تالاب های کرواسی</label>
            <icon>https://static.cdn.asset.filimo.com/flmt/mov_42373_792-m.jpg</icon>
            <onclick>ActivateWindow(videos,plugin://plugin.video.filimo/?action=actionSingleMovie&amp;route=vf0na,return)</onclick>
        </item>
        
        <item id="2">
            <label>کدارنات</label>
            <icon>https://static.cdn.asset.filimo.com/flmt/mov_41311_904-m.jpg</icon>
            <onclick>ActivateWindow(videos,plugin://plugin.video.filimo/?action=actionSingleMovie&amp;route=k9c7j,return)</onclick>
        </item>
        
        <item id="3">
            <label>ما پادشاهان</label>
            <icon>https://static.cdn.asset.filimo.com/flmt/mov_41106_160-m.jpg</icon>
            <onclick>ActivateWindow(videos,plugin://plugin.video.filimo/?action=actionSingleMovie&amp;route=yq49j,return)</onclick>
        </item>
        
        <item id="4">
            <label>خواب طلایی</label>
            <icon>https://static.cdn.asset.filimo.com/flmt/mov_40897_666-m.jpg</icon>
            <onclick>ActivateWindow(videos,plugin://plugin.video.filimo/?action=actionSingleMovie&amp;route=az1qc,return)</onclick>
        </item>
        
        <item id="5">
            <label>توماس و دوستان: جهان بزرگ! ماجراهای بزرگ!</label>
            <icon>https://static.cdn.asset.filimo.com/flmt/mov_40547_661-m.jpg</icon>
            <onclick>ActivateWindow(videos,plugin://plugin.video.filimo/?action=actionSingleMovie&amp;route=9t2p5,return)</onclick>
        </item>
        
        <item id="6">
            <label>نجات فلورا</label>
            <icon>https://static.cdn.asset.filimo.com/flmt/mov_38921_915-m.jpg</icon>
            <onclick>ActivateWindow(videos,plugin://plugin.video.filimo/?action=actionSingleMovie&amp;route=mglxh,return)</onclick>
        </item>
        
        <item id="7">
            <label>قهرمان</label>
            <icon>https://static.cdn.asset.filimo.com/flmt/mov_35848_856-m.jpg</icon>
            <onclick>ActivateWindow(videos,plugin://plugin.video.filimo/?action=actionSingleMovie&amp;route=bw5rq,return)</onclick>
        </item>
        
        <item id="8">
            <label>خاکسترهایی در برف</label>
            <icon>https://static.cdn.asset.filimo.com/flmt/mov_39075_771-m.jpg</icon>
            <onclick>ActivateWindow(videos,plugin://plugin.video.filimo/?action=actionSingleMovie&amp;route=ymz3j,return)</onclick>
        </item>
        
        <item id="99">
            <label>فیلم های بیشتر</label>
            <icon>diffuse/moremovie.png</icon>
            <onclick>ActivateWindow(videos,plugin://plugin.video.filimo/?action=getMoreMovie&amp;tagid=464,return)</onclick>
        </item>
          </include>
    <include name="TailContent08">
    
        <item id="1">
            <label>شلیک کورکورانه</label>
            <icon>https://static.cdn.asset.filimo.com/flmt/mov_40471_407-m.jpg</icon>
            <onclick>ActivateWindow(videos,plugin://plugin.video.filimo/?action=actionSingleMovie&amp;route=jk4u3,return)</onclick>
        </item>
        
        <item id="2">
            <label>گرگ گردان ها</label>
            <icon>https://static.cdn.asset.filimo.com/flmt/mov_41587_254-m.jpg</icon>
            <onclick>ActivateWindow(videos,plugin://plugin.video.filimo/?action=actionSingleMovie&amp;route=4320t,return)</onclick>
        </item>
        
        <item id="3">
            <label>آپریل و دنیای فوق العاده</label>
            <icon>https://static.cdn.asset.filimo.com/flmt/mov_36170_152-m.jpg</icon>
            <onclick>ActivateWindow(videos,plugin://plugin.video.filimo/?action=actionSingleMovie&amp;route=57i0q,return)</onclick>
        </item>
        
        <item id="4">
            <label>ونگارد</label>
            <icon>https://static.cdn.asset.filimo.com/flmt/mov_41334_495-m.jpg</icon>
            <onclick>ActivateWindow(videos,plugin://plugin.video.filimo/?action=actionSingleMovie&amp;route=edox1,return)</onclick>
        </item>
        
        <item id="5">
            <label>آیاپام و کوشیم</label>
            <icon>https://static.cdn.asset.filimo.com/flmt/mov_38744_758-m.jpg</icon>
            <onclick>ActivateWindow(videos,plugin://plugin.video.filimo/?action=actionSingleMovie&amp;route=p01q7,return)</onclick>
        </item>
        
        <item id="6">
            <label>کدارنات</label>
            <icon>https://static.cdn.asset.filimo.com/flmt/mov_41311_904-m.jpg</icon>
            <onclick>ActivateWindow(videos,plugin://plugin.video.filimo/?action=actionSingleMovie&amp;route=k9c7j,return)</onclick>
        </item>
        
        <item id="7">
            <label>قطارهای تندرو: کریسمس شگفت انگیز</label>
            <icon>https://static.cdn.asset.filimo.com/flmt/mov_42030_452-m.jpg</icon>
            <onclick>ActivateWindow(videos,plugin://plugin.video.filimo/?action=actionSingleMovie&amp;route=9fro8,return)</onclick>
        </item>
        
        <item id="8">
            <label>باجیرو مستانی</label>
            <icon>https://static.cdn.asset.filimo.com/flmt/mov_40966_897-m.jpg</icon>
            <onclick>ActivateWindow(videos,plugin://plugin.video.filimo/?action=actionSingleMovie&amp;route=nuekg,return)</onclick>
        </item>
        
        <item id="99">
            <label>فیلم های بیشتر</label>
            <icon>diffuse/moremovie.png</icon>
            <onclick>ActivateWindow(videos,plugin://plugin.video.filimo/?action=getMoreMovie&amp;tagid=161,return)</onclick>
        </item>
          </include>
    <include name="TailContent09">
    
        <item id="1">
            <label>نگهبانان - فصل 1 قسمت 1 : تابستان است و ما در حال یخ زدن هستیم</label>
            <icon>https://static.cdn.asset.filimo.com/flmt/mov_26303_1-m.jpg</icon>
            <onclick>ActivateWindow(videos,plugin://plugin.video.filimo/?action=actionSingleMovie&amp;route=AIy5V,return)</onclick>
        </item>
        
        <item id="2">
            <label>تحت تعقیب - فصل 1 قسمت 1 : خاموش شدن</label>
            <icon>https://static.cdn.asset.filimo.com/flmt/mov_23720_1-m.jpg</icon>
            <onclick>ActivateWindow(videos,plugin://plugin.video.filimo/?action=actionSingleMovie&amp;route=V5KTf,return)</onclick>
        </item>
        
        <item id="3">
            <label>وقتی اونا ما رو دیدن - قسمت 1</label>
            <icon>https://static.cdn.asset.filimo.com/flmt/mov_23005_1-m.jpg</icon>
            <onclick>ActivateWindow(videos,plugin://plugin.video.filimo/?action=actionSingleMovie&amp;route=PMk5f,return)</onclick>
        </item>
        
        <item id="4">
            <label>لانگمایر - فصل 1 قسمت 1</label>
            <icon>https://static.cdn.asset.filimo.com/flmt/mov_22656_1-m.jpg</icon>
            <onclick>ActivateWindow(videos,plugin://plugin.video.filimo/?action=actionSingleMovie&amp;route=2VyWY,return)</onclick>
        </item>
        
        <item id="5">
            <label>سوامپ تینگ - فصل 1 قسمت 1</label>
            <icon>https://static.cdn.asset.filimo.com/flmt/mov_22641_1-m.jpg</icon>
            <onclick>ActivateWindow(videos,plugin://plugin.video.filimo/?action=actionSingleMovie&amp;route=BxCSL,return)</onclick>
        </item>
        
        <item id="6">
            <label>جادوگران - فصل 1 قسمت 1 : جادو غیر مجاز</label>
            <icon>https://static.cdn.asset.filimo.com/flmt/mov_21832_1-m.jpg</icon>
            <onclick>ActivateWindow(videos,plugin://plugin.video.filimo/?action=actionSingleMovie&amp;route=SsMLu,return)</onclick>
        </item>
        
        <item id="7">
            <label>کشیش آتشین - فصل 1 قسمت 1 و 2</label>
            <icon>https://static.cdn.asset.filimo.com/flmt/mov_21873_1-m.jpg</icon>
            <onclick>ActivateWindow(videos,plugin://plugin.video.filimo/?action=actionSingleMovie&amp;route=jGRa9,return)</onclick>
        </item>
        
        <item id="8">
            <label>یک میلیون چیز کوچک - فصل 1 قسمت 1</label>
            <icon>https://static.cdn.asset.filimo.com/flmt/mov_21756_516-m.jpg</icon>
            <onclick>ActivateWindow(videos,plugin://plugin.video.filimo/?action=actionSingleMovie&amp;route=5WUl6,return)</onclick>
        </item>
        
        <item id="99">
            <label>فیلم های بیشتر</label>
            <icon>diffuse/moremovie.png</icon>
            <onclick>ActivateWindow(videos,plugin://plugin.video.filimo/?action=getMoreMovie&amp;tagid=2000286,return)</onclick>
        </item>
          </include>
    <include name="TailContent06">
    
        <item id="1">
            <label>بخش ریتم</label>
            <icon>https://static.cdn.asset.filimo.com/flmt/mov_28220_1-m.jpg</icon>
            <onclick>ActivateWindow(videos,plugin://plugin.video.filimo/?action=actionSingleMovie&amp;route=zTjN3,return)</onclick>
        </item>
        
        <item id="2">
            <label>بنیان گذار</label>
            <icon>https://static.cdn.asset.filimo.com/flmt/mov_30332_551-m.jpg</icon>
            <onclick>ActivateWindow(videos,plugin://plugin.video.filimo/?action=actionSingleMovie&amp;route=IEr9b,return)</onclick>
        </item>
        
        <item id="3">
            <label>سفر به چین: راز نقاب آهنین</label>
            <icon>https://static.cdn.asset.filimo.com/flmt/mov_29653_927-m.jpg</icon>
            <onclick>ActivateWindow(videos,plugin://plugin.video.filimo/?action=actionSingleMovie&amp;route=B8Toj,return)</onclick>
        </item>
        
        <item id="4">
            <label>کاپون</label>
            <icon>https://static.cdn.asset.filimo.com/flmt/mov_30509_843-m.jpg</icon>
            <onclick>ActivateWindow(videos,plugin://plugin.video.filimo/?action=actionSingleMovie&amp;route=h75PX,return)</onclick>
        </item>
        
        <item id="5">
            <label>تور جهانی ترول ها</label>
            <icon>https://static.cdn.asset.filimo.com/flmt/mov_28416_1-m.jpg</icon>
            <onclick>ActivateWindow(videos,plugin://plugin.video.filimo/?action=actionSingleMovie&amp;route=cb5GC,return)</onclick>
        </item>
        
        <item id="6">
            <label>اسکوب</label>
            <icon>https://static.cdn.asset.filimo.com/flmt/mov_30744_357-m.jpg</icon>
            <onclick>ActivateWindow(videos,plugin://plugin.video.filimo/?action=actionSingleMovie&amp;route=JSVAQ,return)</onclick>
        </item>
        
        <item id="7">
            <label>رادیواکتیو</label>
            <icon>https://static.cdn.asset.filimo.com/flmt/mov_30324_789-m.jpg</icon>
            <onclick>ActivateWindow(videos,plugin://plugin.video.filimo/?action=actionSingleMovie&amp;route=Wch3I,return)</onclick>
        </item>
        
        <item id="8">
            <label>کلاشنیکف</label>
            <icon>https://static.cdn.asset.filimo.com/flmt/mov_30148_685-m.jpg</icon>
            <onclick>ActivateWindow(videos,plugin://plugin.video.filimo/?action=actionSingleMovie&amp;route=Q75Bf,return)</onclick>
        </item>
        
        <item id="99">
            <label>فیلم های بیشتر</label>
            <icon>diffuse/moremovie.png</icon>
            <onclick>ActivateWindow(videos,plugin://plugin.video.filimo/?action=getMoreMovie&amp;tagid=2000326,return)</onclick>
        </item>
          </include>
    <include name="TailContent07">
    
        <item id="1">
            <label>سیلاب های پر برکت: تالاب های کرواسی</label>
            <icon>https://static.cdn.asset.filimo.com/flmt/mov_42373_792-m.jpg</icon>
            <onclick>ActivateWindow(videos,plugin://plugin.video.filimo/?action=actionSingleMovie&amp;route=vf0na,return)</onclick>
        </item>
        
        <item id="2">
            <label>کدارنات</label>
            <icon>https://static.cdn.asset.filimo.com/flmt/mov_41311_904-m.jpg</icon>
            <onclick>ActivateWindow(videos,plugin://plugin.video.filimo/?action=actionSingleMovie&amp;route=k9c7j,return)</onclick>
        </item>
        
        <item id="3">
            <label>ما پادشاهان</label>
            <icon>https://static.cdn.asset.filimo.com/flmt/mov_41106_160-m.jpg</icon>
            <onclick>ActivateWindow(videos,plugin://plugin.video.filimo/?action=actionSingleMovie&amp;route=yq49j,return)</onclick>
        </item>
        
        <item id="4">
            <label>خواب طلایی</label>
            <icon>https://static.cdn.asset.filimo.com/flmt/mov_40897_666-m.jpg</icon>
            <onclick>ActivateWindow(videos,plugin://plugin.video.filimo/?action=actionSingleMovie&amp;route=az1qc,return)</onclick>
        </item>
        
        <item id="5">
            <label>توماس و دوستان: جهان بزرگ! ماجراهای بزرگ!</label>
            <icon>https://static.cdn.asset.filimo.com/flmt/mov_40547_661-m.jpg</icon>
            <onclick>ActivateWindow(videos,plugin://plugin.video.filimo/?action=actionSingleMovie&amp;route=9t2p5,return)</onclick>
        </item>
        
        <item id="6">
            <label>نجات فلورا</label>
            <icon>https://static.cdn.asset.filimo.com/flmt/mov_38921_915-m.jpg</icon>
            <onclick>ActivateWindow(videos,plugin://plugin.video.filimo/?action=actionSingleMovie&amp;route=mglxh,return)</onclick>
        </item>
        
        <item id="7">
            <label>قهرمان</label>
            <icon>https://static.cdn.asset.filimo.com/flmt/mov_35848_856-m.jpg</icon>
            <onclick>ActivateWindow(videos,plugin://plugin.video.filimo/?action=actionSingleMovie&amp;route=bw5rq,return)</onclick>
        </item>
        
        <item id="8">
            <label>خاکسترهایی در برف</label>
            <icon>https://static.cdn.asset.filimo.com/flmt/mov_39075_771-m.jpg</icon>
            <onclick>ActivateWindow(videos,plugin://plugin.video.filimo/?action=actionSingleMovie&amp;route=ymz3j,return)</onclick>
        </item>
        
        <item id="99">
            <label>فیلم های بیشتر</label>
            <icon>diffuse/moremovie.png</icon>
            <onclick>ActivateWindow(videos,plugin://plugin.video.filimo/?action=getMoreMovie&amp;tagid=464,return)</onclick>
        </item>
          </include>
    <include name="TailContent08">
    
        <item id="1">
            <label>شلیک کورکورانه</label>
            <icon>https://static.cdn.asset.filimo.com/flmt/mov_40471_407-m.jpg</icon>
            <onclick>ActivateWindow(videos,plugin://plugin.video.filimo/?action=actionSingleMovie&amp;route=jk4u3,return)</onclick>
        </item>
        
        <item id="2">
            <label>گرگ گردان ها</label>
            <icon>https://static.cdn.asset.filimo.com/flmt/mov_41587_254-m.jpg</icon>
            <onclick>ActivateWindow(videos,plugin://plugin.video.filimo/?action=actionSingleMovie&amp;route=4320t,return)</onclick>
        </item>
        
        <item id="3">
            <label>آپریل و دنیای فوق العاده</label>
            <icon>https://static.cdn.asset.filimo.com/flmt/mov_36170_152-m.jpg</icon>
            <onclick>ActivateWindow(videos,plugin://plugin.video.filimo/?action=actionSingleMovie&amp;route=57i0q,return)</onclick>
        </item>
        
        <item id="4">
            <label>ونگارد</label>
            <icon>https://static.cdn.asset.filimo.com/flmt/mov_41334_495-m.jpg</icon>
            <onclick>ActivateWindow(videos,plugin://plugin.video.filimo/?action=actionSingleMovie&amp;route=edox1,return)</onclick>
        </item>
        
        <item id="5">
            <label>آیاپام و کوشیم</label>
            <icon>https://static.cdn.asset.filimo.com/flmt/mov_38744_758-m.jpg</icon>
            <onclick>ActivateWindow(videos,plugin://plugin.video.filimo/?action=actionSingleMovie&amp;route=p01q7,return)</onclick>
        </item>
        
        <item id="6">
            <label>کدارنات</label>
            <icon>https://static.cdn.asset.filimo.com/flmt/mov_41311_904-m.jpg</icon>
            <onclick>ActivateWindow(videos,plugin://plugin.video.filimo/?action=actionSingleMovie&amp;route=k9c7j,return)</onclick>
        </item>
        
        <item id="7">
            <label>قطارهای تندرو: کریسمس شگفت انگیز</label>
            <icon>https://static.cdn.asset.filimo.com/flmt/mov_42030_452-m.jpg</icon>
            <onclick>ActivateWindow(videos,plugin://plugin.video.filimo/?action=actionSingleMovie&amp;route=9fro8,return)</onclick>
        </item>
        
        <item id="8">
            <label>باجیرو مستانی</label>
            <icon>https://static.cdn.asset.filimo.com/flmt/mov_40966_897-m.jpg</icon>
            <onclick>ActivateWindow(videos,plugin://plugin.video.filimo/?action=actionSingleMovie&amp;route=nuekg,return)</onclick>
        </item>
        
        <item id="99">
            <label>فیلم های بیشتر</label>
            <icon>diffuse/moremovie.png</icon>
            <onclick>ActivateWindow(videos,plugin://plugin.video.filimo/?action=getMoreMovie&amp;tagid=161,return)</onclick>
        </item>
          </include>
    <include name="TailContent09">
    
        <item id="1">
            <label>نگهبانان - فصل 1 قسمت 1 : تابستان است و ما در حال یخ زدن هستیم</label>
            <icon>https://static.cdn.asset.filimo.com/flmt/mov_26303_1-m.jpg</icon>
            <onclick>ActivateWindow(videos,plugin://plugin.video.filimo/?action=actionSingleMovie&amp;route=AIy5V,return)</onclick>
        </item>
        
        <item id="2">
            <label>تحت تعقیب - فصل 1 قسمت 1 : خاموش شدن</label>
            <icon>https://static.cdn.asset.filimo.com/flmt/mov_23720_1-m.jpg</icon>
            <onclick>ActivateWindow(videos,plugin://plugin.video.filimo/?action=actionSingleMovie&amp;route=V5KTf,return)</onclick>
        </item>
        
        <item id="3">
            <label>وقتی اونا ما رو دیدن - قسمت 1</label>
            <icon>https://static.cdn.asset.filimo.com/flmt/mov_23005_1-m.jpg</icon>
            <onclick>ActivateWindow(videos,plugin://plugin.video.filimo/?action=actionSingleMovie&amp;route=PMk5f,return)</onclick>
        </item>
        
        <item id="4">
            <label>لانگمایر - فصل 1 قسمت 1</label>
            <icon>https://static.cdn.asset.filimo.com/flmt/mov_22656_1-m.jpg</icon>
            <onclick>ActivateWindow(videos,plugin://plugin.video.filimo/?action=actionSingleMovie&amp;route=2VyWY,return)</onclick>
        </item>
        
        <item id="5">
            <label>سوامپ تینگ - فصل 1 قسمت 1</label>
            <icon>https://static.cdn.asset.filimo.com/flmt/mov_22641_1-m.jpg</icon>
            <onclick>ActivateWindow(videos,plugin://plugin.video.filimo/?action=actionSingleMovie&amp;route=BxCSL,return)</onclick>
        </item>
        
        <item id="6">
            <label>جادوگران - فصل 1 قسمت 1 : جادو غیر مجاز</label>
            <icon>https://static.cdn.asset.filimo.com/flmt/mov_21832_1-m.jpg</icon>
            <onclick>ActivateWindow(videos,plugin://plugin.video.filimo/?action=actionSingleMovie&amp;route=SsMLu,return)</onclick>
        </item>
        
        <item id="7">
            <label>کشیش آتشین - فصل 1 قسمت 1 و 2</label>
            <icon>https://static.cdn.asset.filimo.com/flmt/mov_21873_1-m.jpg</icon>
            <onclick>ActivateWindow(videos,plugin://plugin.video.filimo/?action=actionSingleMovie&amp;route=jGRa9,return)</onclick>
        </item>
        
        <item id="8">
            <label>یک میلیون چیز کوچک - فصل 1 قسمت 1</label>
            <icon>https://static.cdn.asset.filimo.com/flmt/mov_21756_516-m.jpg</icon>
            <onclick>ActivateWindow(videos,plugin://plugin.video.filimo/?action=actionSingleMovie&amp;route=5WUl6,return)</onclick>
        </item>
        
        <item id="99">
            <label>فیلم های بیشتر</label>
            <icon>diffuse/moremovie.png</icon>
            <onclick>ActivateWindow(videos,plugin://plugin.video.filimo/?action=getMoreMovie&amp;tagid=2000286,return)</onclick>
        </item>
          </include>
    <include name="TailContent06">
    
        <item id="1">
            <label>رادیواکتیو</label>
            <icon>https://static.cdn.asset.filimo.com/flmt/mov_30324_789-m.jpg</icon>
            <onclick>ActivateWindow(videos,plugin://plugin.video.filimo/?action=actionSingleMovie&amp;route=Wch3I,return)</onclick>
        </item>
        
        <item id="2">
            <label>بنیان گذار</label>
            <icon>https://static.cdn.asset.filimo.com/flmt/mov_30332_551-m.jpg</icon>
            <onclick>ActivateWindow(videos,plugin://plugin.video.filimo/?action=actionSingleMovie&amp;route=IEr9b,return)</onclick>
        </item>
        
        <item id="3">
            <label>کلاشنیکف</label>
            <icon>https://static.cdn.asset.filimo.com/flmt/mov_30148_685-m.jpg</icon>
            <onclick>ActivateWindow(videos,plugin://plugin.video.filimo/?action=actionSingleMovie&amp;route=Q75Bf,return)</onclick>
        </item>
        
        <item id="4">
            <label>تور جهانی ترول ها</label>
            <icon>https://static.cdn.asset.filimo.com/flmt/mov_28416_1-m.jpg</icon>
            <onclick>ActivateWindow(videos,plugin://plugin.video.filimo/?action=actionSingleMovie&amp;route=cb5GC,return)</onclick>
        </item>
        
        <item id="5">
            <label>بخش ریتم</label>
            <icon>https://static.cdn.asset.filimo.com/flmt/mov_28220_1-m.jpg</icon>
            <onclick>ActivateWindow(videos,plugin://plugin.video.filimo/?action=actionSingleMovie&amp;route=zTjN3,return)</onclick>
        </item>
        
        <item id="6">
            <label>اسکوب</label>
            <icon>https://static.cdn.asset.filimo.com/flmt/mov_30744_357-m.jpg</icon>
            <onclick>ActivateWindow(videos,plugin://plugin.video.filimo/?action=actionSingleMovie&amp;route=JSVAQ,return)</onclick>
        </item>
        
        <item id="7">
            <label>سفر به چین: راز نقاب آهنین</label>
            <icon>https://static.cdn.asset.filimo.com/flmt/mov_29653_927-m.jpg</icon>
            <onclick>ActivateWindow(videos,plugin://plugin.video.filimo/?action=actionSingleMovie&amp;route=B8Toj,return)</onclick>
        </item>
        
        <item id="8">
            <label>کاپون</label>
            <icon>https://static.cdn.asset.filimo.com/flmt/mov_30509_843-m.jpg</icon>
            <onclick>ActivateWindow(videos,plugin://plugin.video.filimo/?action=actionSingleMovie&amp;route=h75PX,return)</onclick>
        </item>
        
        <item id="99">
            <label>فیلم های بیشتر</label>
            <icon>diffuse/moremovie.png</icon>
            <onclick>ActivateWindow(videos,plugin://plugin.video.filimo/?action=getMoreMovie&amp;tagid=2000326,return)</onclick>
        </item>
          </include>
    <include name="TailContent07">
    
        <item id="1">
            <label>سیلاب های پر برکت: تالاب های کرواسی</label>
            <icon>https://static.cdn.asset.filimo.com/flmt/mov_42373_792-m.jpg</icon>
            <onclick>ActivateWindow(videos,plugin://plugin.video.filimo/?action=actionSingleMovie&amp;route=vf0na,return)</onclick>
        </item>
        
        <item id="2">
            <label>کدارنات</label>
            <icon>https://static.cdn.asset.filimo.com/flmt/mov_41311_904-m.jpg</icon>
            <onclick>ActivateWindow(videos,plugin://plugin.video.filimo/?action=actionSingleMovie&amp;route=k9c7j,return)</onclick>
        </item>
        
        <item id="3">
            <label>ما پادشاهان</label>
            <icon>https://static.cdn.asset.filimo.com/flmt/mov_41106_160-m.jpg</icon>
            <onclick>ActivateWindow(videos,plugin://plugin.video.filimo/?action=actionSingleMovie&amp;route=yq49j,return)</onclick>
        </item>
        
        <item id="4">
            <label>خواب طلایی</label>
            <icon>https://static.cdn.asset.filimo.com/flmt/mov_40897_666-m.jpg</icon>
            <onclick>ActivateWindow(videos,plugin://plugin.video.filimo/?action=actionSingleMovie&amp;route=az1qc,return)</onclick>
        </item>
        
        <item id="5">
            <label>توماس و دوستان: جهان بزرگ! ماجراهای بزرگ!</label>
            <icon>https://static.cdn.asset.filimo.com/flmt/mov_40547_661-m.jpg</icon>
            <onclick>ActivateWindow(videos,plugin://plugin.video.filimo/?action=actionSingleMovie&amp;route=9t2p5,return)</onclick>
        </item>
        
        <item id="6">
            <label>نجات فلورا</label>
            <icon>https://static.cdn.asset.filimo.com/flmt/mov_38921_915-m.jpg</icon>
            <onclick>ActivateWindow(videos,plugin://plugin.video.filimo/?action=actionSingleMovie&amp;route=mglxh,return)</onclick>
        </item>
        
        <item id="7">
            <label>قهرمان</label>
            <icon>https://static.cdn.asset.filimo.com/flmt/mov_35848_856-m.jpg</icon>
            <onclick>ActivateWindow(videos,plugin://plugin.video.filimo/?action=actionSingleMovie&amp;route=bw5rq,return)</onclick>
        </item>
        
        <item id="8">
            <label>خاکسترهایی در برف</label>
            <icon>https://static.cdn.asset.filimo.com/flmt/mov_39075_771-m.jpg</icon>
            <onclick>ActivateWindow(videos,plugin://plugin.video.filimo/?action=actionSingleMovie&amp;route=ymz3j,return)</onclick>
        </item>
        
        <item id="99">
            <label>فیلم های بیشتر</label>
            <icon>diffuse/moremovie.png</icon>
            <onclick>ActivateWindow(videos,plugin://plugin.video.filimo/?action=getMoreMovie&amp;tagid=464,return)</onclick>
        </item>
          </include>
    <include name="TailContent08">
    
        <item id="1">
            <label>شلیک کورکورانه</label>
            <icon>https://static.cdn.asset.filimo.com/flmt/mov_40471_407-m.jpg</icon>
            <onclick>ActivateWindow(videos,plugin://plugin.video.filimo/?action=actionSingleMovie&amp;route=jk4u3,return)</onclick>
        </item>
        
        <item id="2">
            <label>گرگ گردان ها</label>
            <icon>https://static.cdn.asset.filimo.com/flmt/mov_41587_254-m.jpg</icon>
            <onclick>ActivateWindow(videos,plugin://plugin.video.filimo/?action=actionSingleMovie&amp;route=4320t,return)</onclick>
        </item>
        
        <item id="3">
            <label>آپریل و دنیای فوق العاده</label>
            <icon>https://static.cdn.asset.filimo.com/flmt/mov_36170_152-m.jpg</icon>
            <onclick>ActivateWindow(videos,plugin://plugin.video.filimo/?action=actionSingleMovie&amp;route=57i0q,return)</onclick>
        </item>
        
        <item id="4">
            <label>ونگارد</label>
            <icon>https://static.cdn.asset.filimo.com/flmt/mov_41334_495-m.jpg</icon>
            <onclick>ActivateWindow(videos,plugin://plugin.video.filimo/?action=actionSingleMovie&amp;route=edox1,return)</onclick>
        </item>
        
        <item id="5">
            <label>آیاپام و کوشیم</label>
            <icon>https://static.cdn.asset.filimo.com/flmt/mov_38744_758-m.jpg</icon>
            <onclick>ActivateWindow(videos,plugin://plugin.video.filimo/?action=actionSingleMovie&amp;route=p01q7,return)</onclick>
        </item>
        
        <item id="6">
            <label>کدارنات</label>
            <icon>https://static.cdn.asset.filimo.com/flmt/mov_41311_904-m.jpg</icon>
            <onclick>ActivateWindow(videos,plugin://plugin.video.filimo/?action=actionSingleMovie&amp;route=k9c7j,return)</onclick>
        </item>
        
        <item id="7">
            <label>قطارهای تندرو: کریسمس شگفت انگیز</label>
            <icon>https://static.cdn.asset.filimo.com/flmt/mov_42030_452-m.jpg</icon>
            <onclick>ActivateWindow(videos,plugin://plugin.video.filimo/?action=actionSingleMovie&amp;route=9fro8,return)</onclick>
        </item>
        
        <item id="8">
            <label>باجیرو مستانی</label>
            <icon>https://static.cdn.asset.filimo.com/flmt/mov_40966_897-m.jpg</icon>
            <onclick>ActivateWindow(videos,plugin://plugin.video.filimo/?action=actionSingleMovie&amp;route=nuekg,return)</onclick>
        </item>
        
        <item id="99">
            <label>فیلم های بیشتر</label>
            <icon>diffuse/moremovie.png</icon>
            <onclick>ActivateWindow(videos,plugin://plugin.video.filimo/?action=getMoreMovie&amp;tagid=161,return)</onclick>
        </item>
          </include>
    <include name="TailContent09">
    
        <item id="1">
            <label>نگهبانان - فصل 1 قسمت 1 : تابستان است و ما در حال یخ زدن هستیم</label>
            <icon>https://static.cdn.asset.filimo.com/flmt/mov_26303_1-m.jpg</icon>
            <onclick>ActivateWindow(videos,plugin://plugin.video.filimo/?action=actionSingleMovie&amp;route=AIy5V,return)</onclick>
        </item>
        
        <item id="2">
            <label>تحت تعقیب - فصل 1 قسمت 1 : خاموش شدن</label>
            <icon>https://static.cdn.asset.filimo.com/flmt/mov_23720_1-m.jpg</icon>
            <onclick>ActivateWindow(videos,plugin://plugin.video.filimo/?action=actionSingleMovie&amp;route=V5KTf,return)</onclick>
        </item>
        
        <item id="3">
            <label>وقتی اونا ما رو دیدن - قسمت 1</label>
            <icon>https://static.cdn.asset.filimo.com/flmt/mov_23005_1-m.jpg</icon>
            <onclick>ActivateWindow(videos,plugin://plugin.video.filimo/?action=actionSingleMovie&amp;route=PMk5f,return)</onclick>
        </item>
        
        <item id="4">
            <label>لانگمایر - فصل 1 قسمت 1</label>
            <icon>https://static.cdn.asset.filimo.com/flmt/mov_22656_1-m.jpg</icon>
            <onclick>ActivateWindow(videos,plugin://plugin.video.filimo/?action=actionSingleMovie&amp;route=2VyWY,return)</onclick>
        </item>
        
        <item id="5">
            <label>سوامپ تینگ - فصل 1 قسمت 1</label>
            <icon>https://static.cdn.asset.filimo.com/flmt/mov_22641_1-m.jpg</icon>
            <onclick>ActivateWindow(videos,plugin://plugin.video.filimo/?action=actionSingleMovie&amp;route=BxCSL,return)</onclick>
        </item>
        
        <item id="6">
            <label>جادوگران - فصل 1 قسمت 1 : جادو غیر مجاز</label>
            <icon>https://static.cdn.asset.filimo.com/flmt/mov_21832_1-m.jpg</icon>
            <onclick>ActivateWindow(videos,plugin://plugin.video.filimo/?action=actionSingleMovie&amp;route=SsMLu,return)</onclick>
        </item>
        
        <item id="7">
            <label>کشیش آتشین - فصل 1 قسمت 1 و 2</label>
            <icon>https://static.cdn.asset.filimo.com/flmt/mov_21873_1-m.jpg</icon>
            <onclick>ActivateWindow(videos,plugin://plugin.video.filimo/?action=actionSingleMovie&amp;route=jGRa9,return)</onclick>
        </item>
        
        <item id="8">
            <label>یک میلیون چیز کوچک - فصل 1 قسمت 1</label>
            <icon>https://static.cdn.asset.filimo.com/flmt/mov_21756_516-m.jpg</icon>
            <onclick>ActivateWindow(videos,plugin://plugin.video.filimo/?action=actionSingleMovie&amp;route=5WUl6,return)</onclick>
        </item>
        
        <item id="99">
            <label>فیلم های بیشتر</label>
            <icon>diffuse/moremovie.png</icon>
            <onclick>ActivateWindow(videos,plugin://plugin.video.filimo/?action=getMoreMovie&amp;tagid=2000286,return)</onclick>
        </item>
          </include>