<?xml version="1.0" encoding="UTF-8" ?>
<includes>

    <include name="View_Movie_List_Poster">

            <control type="button" id="1200">
                <width>1</width>
                <height>1</height>
                <onfocus>SetFocus(42901)</onfocus>
            </control>

        <control type="group">
            <defaultcontrol always="true">42901</defaultcontrol>

            <!-- <include>View_Group</include> -->
            <visible>Control.IsVisible(51)</visible>
            <width>1800</width>
            <centerleft>50%</centerleft>
            <top>120</top>
            <height>900</height>
                
            <control type="button" id="42901">
                <visible>true</visible>
                <texturefocus />
                <texturenofocus />
                <font />
                <textcolor />
                <onclick>SetFocus(51)</onclick>
                <onclick>Action(Select)</onclick>
                <onclick>SetFocus(42901)</onclick>
                <onright>SetFocus(51)</onright>
                <onright>Left</onright>
                <onleft>SetFocus(51)</onleft>
                <onleft>Right</onleft>

                <ondown>SetFocus(51)</ondown>
                <ondown>Down</ondown>
                <onup>SetFocus(51)</onup>
                <onup>Up</onup>
                <onfocus>SetProperty(selectedPnaleItem2,$INFO[ListItem.episode],Home)</onfocus>
                <!-- <onright>Control.Move(51,-1)</onright> -->
                <!-- <onleft>Control.Move(51,+1)</onleft> -->
            </control>


            <control type="panel" id="51">
                <scrolltime tween="quadratic">400</scrolltime>
                <animation effect="rotatey"  start="0" end="180" center="900,0" condition="true" >Conditional</animation> 
                <orientation>vertical</orientation>
                <height>900</height>
                <visible>Container.Content(videos)</visible>
                <onfocus>SetFocus(42901)</onfocus>
                <itemlayout width="item_poster_width" height="450">
                    <include content="View_51_Wall_Itemlayout">
                        <param name="selectbox" value="String.IsEqual(Window(Home).Property(selectedPnaleItem2),ListItem.episode)" />
                        <param name="id" value="51" />
                        <param name="altid" value="42901" />
                        <param name="aspectratio" value="scale" />
                        <param name="diffuse" value="diffuse/poster-wall.png" />
                        <param name="circle" value="false" />
                        <param name="rvs" value="true" />
                        <param name="pad" value="-7" />
                    </include>
                </itemlayout>
                <focusedlayout width="item_poster_width" height="450">
                    <include content="View_51_Wall_Itemlayout">
                        <param name="selectbox" value="true" />
                        <param name="id" value="51" />
                        <param name="altid" value="42901" />
                        <param name="aspectratio" value="scale" />
                        <param name="focusbounce" value="false" />
                        <param name="circle" value="false" />
                        <param name="rvs" value="true" />
                        <param name="pad" value="-7" />
                    </include>
                </focusedlayout>
                <!-- <align>right</align> -->
            </control>
        </control>
    </include>






</includes>
