<?xml version="1.0" encoding="UTF-8"?>
<!-- Foundation -->
<includes>

    <include file="Defaults.xml" />

    <include file="Includes_Settings_Page.xml" />
    <include file="Includes_Search_Page.xml" />
    <include file="Includes_Shop_Page.xml" />
    <include file="Includes_HomeTailes_Content.xml" />
    <include file="Includes_HomeTailes.xml" />
    <include file="Includes_Movies_List_Poster.xml" />
    <include file="Includes_Keyboard_Layout.xml" />
    <include file="Includes_Episodes.xml" />
    <include file="Includes_SingleMovie.xml" />
    <include file="Includes_View_50_List.xml" />
    <include file="Includes_View_51_Wall.xml" />
    <include file="Includes_View_52_Showcase.xml" />
    <include file="Includes_View_53_Poster.xml" />
    <include file="Includes_View_54_AEL.xml" />
    <include file="Includes_Info.xml" />
    <include file="Includes_Home.xml" />
    <include file="Includes_DialogVideoInfo.xml" />
    <include file="Includes_DialogMusicInfo.xml" />

    <include file="Includes_Animations.xml" />
    <include file="Includes_Defs.xml" />
    <include file="Includes_Dialog.xml" />
    <include file="Includes_Global.xml" />
    <include file="Includes_Items.xml" />
    <include file="Includes_Images.xml" />
    <include file="Includes_Labels.xml" />
    <include file="Includes_NextAired.xml" />
    <include file="Includes_Object.xml" />
    <include file="Includes_OSD.xml" />
    <include file="Includes_Topbar.xml" />
    <include file="Includes_VideoLyrics.xml" />
    <include file="Includes_Weather.xml" />
    <include file="Includes_AEL.xml" />

    <include file="Includes_View.xml" />

    <include file="script-skinshortcuts-includes.xml"/>

    <include file="Constants_Main.xml" />

    <variable name="ColorHighlight">
        <value>Highlight</value>
    </variable>
    <variable name="ColorHighlight2">
        <value>Selected</value>
    </variable>


    <include name="Dimensions_Fullscreen">
        <left>0</left>
        <top>0</top>
        <width>1920</width>
        <height>1080</height>
    </include>
</includes>
