<?xml version="1.0" encoding="UTF-8" ?>
<includes>
    <include name="ShopPage">
        <control type="group">
            <control type="group"> <!-- FirstPage Backgrand Tumb + Shadow -->
                <control type="group"> <!-- FirstPage Backgrand Tumb -->
                    <animation effect="fade" end="60" condition="true">Conditional</animation>
                    <control type="image"> 
                        <width>1920</width>
                        <height>1080</height>
                        <aspectratio>scale</aspectratio>
                        <texture colordiffuse="ff000000" background="true">common/white.png</texture >
                        <animation effect="fade" start="100" end="0" time="400" condition="![Control.HasFocus(700) | Control.HasFocus(13009)]">Conditional</animation>
                        <visible>Control.HasFocus(700) | Control.HasFocus(5781) | Control.HasFocus(1701) | Control.HasFocus(13009)</visible>
                    </control>
                    <control type="multiimage">
                        <include>Defs_TimePerImage</include>
                        <randomize>true</randomize>
                        <width>1920</width>
                        <height>1080</height>
                        <aspectratio>scale</aspectratio>
                        <include condition="Skin.HasSetting(EnableBlur) + !Skin.HasSetting(OnlyBlurInfo)">Defs_Global_Fade_Blur</include>
                        <fadetime>600</fadetime>
                        <imagepath background="true">$INFO[Container(700).ListItem.Icon]</imagepath>
                        <animation effect="fade" start="100" end="0" time="400" easing="out" condition="![Control.HasFocus(700) | Control.HasFocus(13009)]">Conditional</animation>
                        <visible>Control.HasFocus(700) | Control.HasFocus(5781) | Control.HasFocus(1701) | Control.HasFocus(13009)</visible>
                    </control>
                </control>
                <control type="image"> <!-- Shadow -->
                    <include>Defs_TimePerImage</include>
                    <randomize>true</randomize>
                    <width>1920</width>
                    <height>1080</height>
                    <aspectratio>scale</aspectratio>
                    <texture  background="true">black-bg-home.png</texture >
                    <animation effect="fade" start="100" end="0" time="400" condition="![Control.HasFocus(700) | Control.HasFocus(13009)]">Conditional</animation>
                    <visible>Control.HasFocus(700) | Control.HasFocus(5781) | Control.HasFocus(1701) | Control.HasFocus(13009)</visible>
                </control>
            </control>

            <control type="grouplist" id="3001">
                <orientation>vertical</orientation>
                <usecontrolcoords>false</usecontrolcoords>
                <itemgap>0</itemgap>
                <width>1920</width>
                <onback>700</onback>
                <scrolltime tween="sine" easing="out" >400</scrolltime>

                <control type="group" id="3019"><!-- Top Slider -->
                    <height>750</height>
                    <animation type="Conditional" condition="Control.HasFocus(700) | Control.HasFocus(13009)">
                        <effect type="fade" start="0" end="100" time="300" tween="linear" easing="out"/>
                    </animation>
                    <control type="label"><!-- Title -->
                        <label>$INFO[Container(700).ListItem.Label]</label>
                        <right>90</right>
                        <aligny>top</aligny>
                        <top>150</top>
                        <font>font_overlay_title</font>
                        <align>right</align>
                        <textcolor>ffdfdfdf</textcolor>
                        <shadowcolor>ff000000</shadowcolor>
                    </control>

                    <control type="label">
                        <aligny>top</aligny>
                        <height>40</height>
                        <align>right</align>
                        <right>80</right>
                        <top>350</top>                                    

                        <label>$INFO[Container(700).ListItem.Property(TagLine)]</label>
                        <textcolor>main_fg_100</textcolor>
                        <font>font_med_filimo</font>
                    </control>
                        

                    <control type="textbox"> <!-- Plot -->
                        <top>430</top>
                        <label fallback="19055">$INFO[Container(700).ListItem.Property(Plot)]</label>
                        <height>155</height>
                        <width>1100</width>
                        <aligny>top</aligny>
                        <textcolor>main_fg_100</textcolor>
                        <font>font_plotbox</font>
                        <align>right</align>
                        <right>80</right>
                    </control>

                    <control type="group"> <!-- Director -->
                        <height>30</height>
                        <align>right</align> 
                        <right>80</right>
                        <top>630</top>
                        <control type="label">
                            <right>0</right> 
                            <width>148</width>
                            <align>right</align>
                            <aligny>top</aligny>
                            <font>font_tiny_bold</font>
                            <textcolor>main_fg_100</textcolor>
                            <label>کارگردان</label>
                            <height>30</height>
                        </control>
                        <control type="label">
                            <right>126</right>
                            <align>right</align>
                            <aligny>top</aligny>
                            <font>font_tiny</font>
                            <textcolor>main_fg_70</textcolor>
                            <label>$INFO[Container(700).ListItem.Property(Director)]</label>
                            <height>30</height>
                            <haspath>false</haspath>
                        </control>
                    </control>
                    
                    <control type="group"> <!-- Language -->
                        <height>30</height>
                        <align>right</align> 
                        <right>80</right>
                        <top>680</top>
                        <control type="label">
                            <right>0</right> 
                            <width>148</width>
                            <align>right</align>
                            <aligny>top</aligny>
                            <font>font_tiny_bold</font>
                            <textcolor>main_fg_100</textcolor>
                            <label>ژانـــر</label>
                            <height>30</height>
                        </control>
                        <control type="label">
                            <right>126</right>
                            <align>right</align>
                            <aligny>top</aligny>
                            <font>font_tiny</font>
                            <textcolor>main_fg_70</textcolor>
                            <label>$INFO[Container(700).ListItem.Property(Genre)]</label>
                            <height>30</height>
                            <haspath>false</haspath>
                        </control>
                    </control>

                    <control type="list" id="700"> <!-- Main List Top Slider -->
                        <autoscroll delay="20000" time="20000" repeat="20000">Control.HasFocus(700)</autoscroll>
                        <ondown>SetFocus(1901)</ondown>
                        <onup>SetFocus(13009)</onup>
                        <scrolltime tween="quadratic" easing="out">400</scrolltime>
                        <preloaditems>2</preloaditems>
                        <orientation>horizontal</orientation>
                        <top>00</top>
                        <height>800</height>
                        <itemlayout width="1920" height="800">
                        </itemlayout>
                        <focusedlayout width="1920" height="800">
                        </focusedlayout>
                        <content>
                            <include>TailContent700</include>
                        </content>
                    </control>
                </control>


                <control type="group" id="99301"> <!-- Other Tail -->
                    <height>1080</height>
                    <control type="grouplist" id="3096">
                        <right>50</right>
                        <top>130</top>
                        <onup>700</onup>
                        <ondown condition="String.IsEqual(Window(Home).Property(HomeTailUpdating),false)">XBMC.RunScript(script.filimoget,func=updateNewTails&amp;page=1)</ondown>
                        <height>900</height>
                        <orientation>vertical</orientation>
                        <usecontrolcoords>true</usecontrolcoords>
                        <itemgap>0</itemgap>
                        <scrolltime tween="sine" easing="out" >400</scrolltime>
                        <include>HomePageTails</include>
                    </control>
                </control>



                
            </control>


        </control>
    </include>
</includes>
