<?xml version="1.0" encoding="UTF-8"?>
<!-- Foundation -->
<window id="1199">
    <defaultcontrol always="true">1200</defaultcontrol>
    <views>501,502,51</views>
    <onload>SetFocus(1200)</onload>
    <onload>PlayerControl(Stop)</onload>
    <controls>


        <include>Global_Background</include>    
    
        <control type="image">
            <height>50</height>
            <width>240</width>
            <aspectratio>keep</aspectratio>
            <texture>filimo-logo.png</texture>
            <right>30</right>
            <align>right</align>
            <top>40</top>
        </control>
        
        <control type="group">
            <!-- <include>Animation_FadeInOut</include>
            <include>View_500_List_Square</include> -->
            <include>View_501_SingleMovie</include>
            <include>View_502_Episodes</include>
            <include>View_Movie_List_Poster</include>
            <!-- <include>View_503_List_Banners</include>
            <include>View_504_List_TriPanel</include>
            <include>View_510_Wall_Square</include>
            <include>View_511_Wall_Landscape</include>
            <include>View_512_Wall_Icons</include>
            <include>View_513_Wall_Circle</include>
            <include>View_514_Wall_Info</include>
            <include>View_515_Wall_Landscape_Small</include>
            <include>View_52_Showcase</include>
            <include>View_520_Showcase_Square</include>
            <include>View_521_Showcase_Landscape</include>
            <include>View_522_Showcase_Seasons</include>
            <include>View_523_Showcase_Lovefilm</include>
            <include>View_524_Showcase_Seasons</include>
            <include>View_53_Poster</include> -->
        </control>


       
    </controls>
</window>
