<?xml version="1.0" encoding="UTF-8"?>
<!-- Foundation -->
<window id="2901">
    <onload condition="!Player.PauseEnabled + String.IsEmpty(Window(Home).Property(OSDViewMode))">SetFocus(15)</onload>
    <onload condition="Player.PauseEnabled + String.IsEmpty(Window(Home).Property(OSDViewMode))">SetFocus(14)</onload>
    <onload condition="!String.IsEmpty(Window(Home).Property(OSDViewMode))">SetFocus(3112)</onload>
    <onload condition="!String.IsEmpty(Window(Home).Property(OSDViewMode))">ClearProperty(OSDViewMode,Home)</onload>
    <onunload>ClearProperty(OSDInfo,Home)</onunload>
    <controls>
        <control type="button">
            <description>background close area</description>
            <left>0</left>
            <top>0</top>
            <width>100%</width>
            <bottom>200</bottom>
            <texturefocus />
            <texturenofocus />
            <onclick>Action(close)</onclick>
        </control>

        <control type="group">
            <visible>!Window.IsVisible(DialogPlayerProcessInfo.xml)</visible>
            <control type="group">
                <include condition="String.IsEmpty(Window(Home).Property(OSDViewMode))">Animation_FadeIn</include>
                <visible>!Window.IsVisible(DialogSlider.xml)</visible>
                <visible>!Window.IsVisible(VideoOSDBookmarks.xml)</visible>
                <animation effect="fade" start="100" end="0" time="200" condition="Control.HasFocus(9605)">Conditional</animation>
                    
                <control type="grouplist" id="9000">
                    <height>48</height>
                    <centerbottom>95</centerbottom>
                    <itemgap>32</itemgap>

                    <ondown condition="!VideoPlayer.Content(LiveTV) + String.IsEmpty(Window(Home).Property(OSDInfo))">Close</ondown>
                    <orientation>horizontal</orientation>
                    <usecontrolcoords>true</usecontrolcoords>
                    <left>800</left>
                    <control type="button" id="13">
                        <centertop>50%</centertop>
                        <description>Rewind</description>
                        <width>44</width>
                        <height>30</height>
                        <label/>
                        <font/>
                        <texturefocus colordiffuse="$VAR[ColorHighlight]" flipx="true">osd/ff.png</texturefocus>
                        <texturenofocus colordiffuse="panel_fg_70" flipx="true">osd/ff.png</texturenofocus>
                        <onclick>PlayerControl(Rewind)</onclick>
                        <onfocus condition="!String.IsEmpty(Window(Home).Property(OSDExtendedInfo)) + Player.Paused + !Skin.HasSetting(DontPauseOSD)">Play</onfocus>
                        <onfocus condition="!String.IsEmpty(Window(Home).Property(OSDExtendedInfo))">ClearProperty(OSDExtendedInfo,Home)</onfocus>
                        <onfocus>ClearProperty(OSD_Menu,Home)</onfocus>
                    </control>

                    <control type="togglebutton" id="14">
                        <centertop>50%</centertop>
                        <description>Play/Pause</description>
                        <width>36</width>
                        <height>42</height>
                        <label/>
                        <altlabel></altlabel>
                        <font/>
                        <texturefocus colordiffuse="$VAR[ColorHighlight]">osd/pause.png</texturefocus>
                        <texturenofocus colordiffuse="panel_fg_70">osd/pause.png</texturenofocus>
                        <usealttexture>Player.Paused | Player.Forwarding | Player.Rewinding</usealttexture>
                        <alttexturefocus colordiffuse="$VAR[ColorHighlight]">osd/play.png</alttexturefocus>
                        <alttexturenofocus colordiffuse="panel_fg_70">osd/play.png</alttexturenofocus>
                        <onclick>PlayerControl(Play)</onclick>
                        <visible>Player.PauseEnabled</visible>
                        <animation effect="fade" start="100" end="33" time="100" condition="!Player.PauseEnabled">Conditional</animation>
                        <onfocus>ClearProperty(OSD_Menu,Home)</onfocus>
                    </control>


                    <control type="button" id="15">
                        <centertop>50%</centertop>
                        <description>Stop</description>
                        <width>36</width>
                        <height>42</height>
                        <label/>
                        <font/>
                        <texturefocus colordiffuse="$VAR[ColorHighlight]">osd/stop.png</texturefocus>
                        <texturenofocus colordiffuse="panel_fg_70">osd/stop.png</texturenofocus>
                        <onclick>PlayerControl(Stop)</onclick>
                        <onfocus condition="!String.IsEmpty(Window(Home).Property(OSDExtendedInfo)) + Player.Paused + !Skin.HasSetting(DontPauseOSD)">Play</onfocus>
                        <onfocus condition="!String.IsEmpty(Window(Home).Property(OSDExtendedInfo))">ClearProperty(OSDExtendedInfo,Home)</onfocus>
                        <onfocus>ClearProperty(OSD_Menu,Home)</onfocus>
                    </control>


                    <control type="button" id="16">
                        <centertop>50%</centertop>
                        <description>Fast Forward</description>
                        <width>44</width>
                        <height>30</height>
                        <label/>
                        <font/>
                        <texturefocus colordiffuse="$VAR[ColorHighlight]">osd/ff.png</texturefocus>
                        <texturenofocus colordiffuse="panel_fg_70">osd/ff.png</texturenofocus>
                        <onclick>PlayerControl(Forward)</onclick>
                        <onfocus condition="!String.IsEmpty(Window(Home).Property(OSDExtendedInfo)) + Player.Paused + !Skin.HasSetting(DontPauseOSD)">Play</onfocus>
                        <onfocus condition="!String.IsEmpty(Window(Home).Property(OSDExtendedInfo))">ClearProperty(OSDExtendedInfo,Home)</onfocus>
                        <onfocus>ClearProperty(OSD_Menu,Home)</onfocus>
                    </control>


                    <control type="button" id="18">
                        <visible>VideoPlayer.HasSubtitles</visible>
                        <left>100</left>
                        <centertop>50%</centertop>
                        <description>Subs</description>
                        <width>36</width>
                        <height>28</height>
                        <label>$VAR[OSD_CurrentSubLang]</label>
                        <textcolor>Selected</textcolor>
                        <focusedcolor>Highlight</focusedcolor>
                        <shadowcolor>Shadow</shadowcolor>
                        <font>font_osd_lang</font>
                        <align>right</align>
                        <aligny>top</aligny>
                        <textoffsetx>0</textoffsetx>
                        <texturefocus colordiffuse="$VAR[ColorHighlight]">osd/subs.png</texturefocus>
                        <texturenofocus colordiffuse="panel_fg_70">osd/subs.png</texturenofocus>
                        <onclick condition="Skin.HasSetting(OSDSubtitleSettings)">ActivateWindow(osdsubtitlesettings)</onclick>
                        <onclick condition="!Skin.HasSetting(OSDSubtitleSettings) + VideoPlayer.HasSubtitles">NextSubtitle</onclick>
                        <onfocus condition="!String.IsEmpty(Window(Home).Property(OSDExtendedInfo)) + Player.Paused + !Skin.HasSetting(DontPauseOSD)">Play</onfocus>
                        <onfocus condition="!String.IsEmpty(Window(Home).Property(OSDExtendedInfo))">ClearProperty(OSDExtendedInfo,Home)</onfocus>
                        <onfocus>ClearProperty(OSD_Menu,Home)</onfocus>
                        <visible>Window.IsVisible(videoosd)</visible>
                        <visible>!VideoPlayer.Content(musicvideos)</visible>
                    </control>
                    <control type="button" id="10018">
                        <centertop>50%</centertop>
                        <description>Audio</description>
                        <width>19</width>
                        <height>28</height>
                        <textcolor>Selected</textcolor>
                        <focusedcolor>Highlight</focusedcolor>
                        <shadowcolor>Shadow</shadowcolor>
                        <font>font_osd_lang</font>
                        <align>right</align>
                        <aligny>top</aligny>
                        <textoffsetx>0</textoffsetx>
                        <texturefocus colordiffuse="$VAR[ColorHighlight]">osd/audio-settings.png</texturefocus>
                        <texturenofocus colordiffuse="panel_fg_70">osd/audio-settings.png</texturenofocus>
                        <onclick>AudioNextLanguage</onclick>
                        <visible>!String.IsEmpty(VideoPlayer.AudioLanguage)</visible>
                    </control>

                    <control type="group" id="10019">
                        <width>40</width>
                        <top>0</top>
                        <control type="label">
                            <font>font_medium_bold_roboto</font>
                            <left>-24</left>
                            <label>$INFO[VideoPlayer.AudioLanguage,[UPPERCASE],[/UPPERCASE]]</label>
                            <textcolor>ff878787</textcolor>
                            <visible>!Control.HasFocus(10018) + Control.IsVisible(10018)</visible>
                        </control>
                        <control type="label">
                            <font>font_medium_bold_roboto</font>
                            <left>-24</left>
                            <label>$INFO[VideoPlayer.AudioLanguage,[UPPERCASE],[/UPPERCASE]]</label>
                            <textcolor>$VAR[ColorHighlight]</textcolor>
                            <visible>Control.HasFocus(10018) + Control.IsVisible(10018)</visible>
                        </control>


                    </control>

                </control>
                
            </control>

            <include content="OSD_Menu_List">
                <param name="content" value="Items_OSD_Settings" />
                <param name="height" value="578" />
                <param name="id" value="3112" />
                <param name="label" value="$LOCALIZE[33063]" />
                <param name="position" value="330,116" />
            </include>

            <control type="group">
                <include condition="String.IsEmpty(Window(Home).Property(OSDViewMode))">Animation_FadeIn</include>
                <visible>Window.IsVisible(DialogVideoInfo.xml)</visible>
                <include>Global_Background</include>
                <include>Topbar</include>
            </control>

            <control type="slider">
                <bottom>112</bottom>
                <height>32</height>
                <left>view_pad</left>
                <width>1800</width>
                <texturesliderbar/>
                <textureslidernib/>
                <textureslidernibfocus/>
                <info>Player.Progress</info>
                <action>seek</action>
            </control>
        </control>

    </controls>

</window>
