﻿<?xml version="1.0" encoding="UTF-8" standalone="yes"?>
<addon id="skin.filimobox" name="FilimoBox" provider-name="Ali Fallah" version="1.0">
    <requires>
        <import addon="xbmc.gui" version="5.14.0" />
        <import addon="plugin.video.filimo" version="1.0" />
        <import addon="script.filimoget" version="1.0" />
    </requires>
    <extension debugging="false" defaultthemename="Textures.xbt" effectslowdown="1" point="xbmc.gui.skin">
        <res aspect="16:9" default="true" folder="1080i" height="1080" width="1920" />
    </extension>
    <extension point="xbmc.addon.metadata">
        <summary lang="en">Watch infinit Movies.</summary>
        
        <description lang="en">Every Movie Find Here</description>
        <platform>all</platform>
        <license>filimo.com</license>
        <forum />
        <source />
        <assets>
            <icon>icon.png</icon>
            <fanart>fanart.jpg</fanart>
            <screenshot>resources/screenshot-01.jpg</screenshot>
            <screenshot>resources/screenshot-02.jpg</screenshot>
            <screenshot>resources/screenshot-03.jpg</screenshot>
            <screenshot>resources/screenshot-04.jpg</screenshot>
        </assets>
    </extension>
</addon>