<?xml version="1.0" encoding="UTF-8" standalone="yes"?>
<addon id="plugin.video.filimo" name="Filimo" version="1.0" provider-name="Ali Fallah">
    <requires>
        <import addon="xbmc.python" version="3.0.0"/>
        <import addon="script.module.requests" />
    </requires>
    <extension point="xbmc.python.pluginsource" library="Main.py">
        <provides>video</provides>
    </extension>
    <extension point="xbmc.addon.metadata">
        <description lang="en">Filimo Plugin</description>
        <platform>all</platform>
    </extension>
</addon>