<?xml version="1.0" encoding="UTF-8"?>
<colors>
    <!-- Main -->
    <color name="main_fg_100">ffdfdfdf</color>
    <color name="main_fg_90">e7dedede</color>
    <color name="main_fg_70">b3dedede</color>
    <color name="main_fg_30">4ddedede</color>
    <color name="main_fg_12">1fdedede</color>

    <color name="filimo_rating_100">ffffe400</color>
    <color name="filimo_rating_90">ff5e5c4f</color>
    <color name="filimo_rating_70">ff5e5c4f</color>
    <color name="filimo_rating_30">ff5e5c4f</color>
    <color name="filimo_rating_12">ff5e5c4f</color>
    

    <color name="main_bg_100">ff000000</color>
    <color name="main_bg_90">e7000000</color>
    <color name="main_bg_70">b3000000</color>
    <color name="main_bg_30">4d000000</color>
    <color name="main_bg_12">1f000000</color>
    
    <!-- Background -->
    <color name="HomePanel">e7000000</color>
    <color name="Background">ff000000</color>
    <color name="PosterBack">ff454545</color>
    <color name="AltPosterBack">1fdedede</color>

</colors>
